"Time","pH (moles/L)","DO (mg/L)","Water Temperature (â„ƒ)","Ammonia (mg/L)","Battery (Volts)","Solar (Volts)","Signal Strength (dB)"
"Fri, July 26, 2019, 6:33:23 PM","-",0,"-","-",13.82,3.55,16
"Fri, July 26, 2019, 6:46:21 PM",3.83,"-","-",0.0002,13.49,3.45,19
"Mon, July 29, 2019, 12:30:20 PM",3.06,"-","-",0,13.54,3.54,22
"Mon, July 29, 2019, 1:10:14 PM",4.71,"-","-",0.0017,13.58,3.14,24
"Mon, July 29, 2019, 2:00:09 PM",5.19,"-","-",0.0052,13.22,2.77,23
"Tue, July 30, 2019, 8:08:28 AM",7.37,"-",18.82,0.0084,12.96,20.81,31
"Tue, July 30, 2019, 9:00:07 AM",7.54,"-",20.4,0.0139,13.05,19.12,31
"Tue, July 30, 2019, 10:00:07 AM",7.24,"-",21.82,0.0078,13.67,31.4,31
"Tue, July 30, 2019, 11:00:07 AM",6.87,"-",22.61,0.0035,14.3,8.77,31
"Tue, July 30, 2019, 12:08:26 PM",7.08,"-",23.23,0.006,14.39,6.59,31
"Tue, July 30, 2019, 1:00:08 PM",6.64,"-",23.85,0.0023,14.2,6.93,31
"Tue, July 30, 2019, 2:00:08 PM",6.71,"-",24.64,0.0028,14.1,6.51,31
"Tue, July 30, 2019, 3:00:08 PM",8.29,"-",25.08,0.1001,14.09,4.44,31
"Tue, July 30, 2019, 4:08:24 PM",7.97,"-",25.26,0.0511,14.36,5.04,31
"Fri, August 2, 2019, 6:09:01 PM",6.14,"-",25.7,0.0008,13.59,3.32,22
"Fri, August 2, 2019, 10:09:00 PM",6.19,"-",24.91,0.0009,13.28,2.72,21
"Fri, August 2, 2019, 11:00:08 PM",6.16,"-",24.91,0.0008,13.29,2.85,21
"Sat, August 3, 2019, 12:00:08 AM",6.14,"-",24.91,0.0008,13.3,2.84,21
"Sat, August 3, 2019, 1:00:09 AM",6.17,"-",24.91,0.0008,13.3,2.85,21
"Sat, August 3, 2019, 2:08:59 AM",6.16,"-",24.91,0.0008,13.31,2.72,21
"Sat, August 3, 2019, 3:00:07 AM",6.16,"-",25,0.0008,13.31,2.77,21
"Sat, August 3, 2019, 4:00:07 AM",6.15,"-",25.08,0.0008,13.29,2.79,21
"Sat, August 3, 2019, 5:00:08 AM",6.16,"-",25.17,0.0008,13.28,2.7,21
"Sat, August 3, 2019, 6:08:56 AM",6.18,"-",25.17,0.0009,13.25,2.63,21
"Sat, August 3, 2019, 7:00:07 AM",6.16,"-",25.17,0.0008,13.25,2.71,21
"Sat, August 3, 2019, 8:00:07 AM",6.16,"-",25.26,0.0008,13.25,2.71,21
"Sat, August 3, 2019, 9:00:08 AM",6.16,"-",25.17,0.0008,13.28,2.67,21
"Sat, August 3, 2019, 10:08:54 AM",6.14,"-",25.26,0.0008,13.27,2.58,21
"Sat, August 3, 2019, 11:00:08 AM",6.14,"-",25.26,0.0008,13.23,2.68,21
"Sat, August 3, 2019, 12:00:09 PM",6.15,"-",25.35,0.0008,13.21,2.65,22
"Sat, August 3, 2019, 1:00:09 PM",6.15,"-",25.35,0.0008,13.23,2.68,22
"Sat, August 3, 2019, 2:08:53 PM",6.15,"-",25.35,0.0008,13.23,2.52,23
"Sat, August 3, 2019, 3:00:07 PM",6.15,"-",25.44,0.0008,13.23,2.64,23
"Sat, August 3, 2019, 4:00:08 PM",6.14,"-",25.35,0.0008,13.27,2.63,23
"Sat, August 3, 2019, 5:00:08 PM",6.14,"-",25.52,0.0008,13.22,2.65,23
"Sat, August 3, 2019, 6:08:52 PM",6.14,"-",25.26,0.0008,13.27,2.49,22
"Sat, August 3, 2019, 7:00:06 PM",6.15,"-",25.44,0.0008,13.22,2.64,23
"Sat, August 3, 2019, 8:00:06 PM",6.15,"-",25.26,0.0008,13.2,2.59,23
"Sat, August 3, 2019, 9:00:07 PM",6.13,"-",25.44,0.0008,13.17,2.58,23
"Sat, August 3, 2019, 10:08:50 PM",6.14,"-",25.61,0.0008,13.21,2.51,23
"Sat, August 3, 2019, 11:00:07 PM",6.14,"-",25.52,0.0008,13.19,2.54,23
"Sun, August 4, 2019, 12:00:08 AM",6.14,"-",25.44,0.0008,13.11,2.54,23
"Sun, August 4, 2019, 1:00:08 AM",6.14,"-",25.44,0.0008,13.2,2.54,23
"Sun, August 4, 2019, 2:08:48 AM",6.13,"-",25.44,0.0008,13.17,2.46,23
"Sun, August 4, 2019, 3:00:08 AM",6.15,"-",25.61,0.0008,13.21,2.56,23
"Sun, August 4, 2019, 4:00:09 AM",6.13,"-",25.52,0.0008,13.19,2.59,23
"Sun, August 4, 2019, 5:00:06 AM",6.16,"-",25.52,0.0008,13.23,2.58,23
"Sun, August 4, 2019, 6:08:47 AM",6.16,"-",25.44,0.0008,13.2,2.45,23
"Sun, August 4, 2019, 7:00:07 AM",6.14,"-",25.52,0.0008,13.22,2.57,23
"Sun, August 4, 2019, 8:00:08 AM",6.17,"-",25.52,0.0009,13.2,2.56,23
"Sun, August 4, 2019, 9:00:08 AM",6.18,"-",25.61,0.0009,13.2,2.55,23
"Sun, August 4, 2019, 10:08:46 AM",6.14,"-",25.52,0.0008,13.25,2.44,23
"Sun, August 4, 2019, 11:00:06 AM",6.16,"-",25.52,0.0008,13.21,2.51,21
"Sun, August 4, 2019, 12:00:07 PM",6.13,"-",25.7,0.0008,13.16,2.58,23
"Sun, August 4, 2019, 1:00:07 PM",6.15,"-",25.7,0.0008,13.2,2.58,23
"Sun, August 4, 2019, 2:08:43 PM",6.15,"-",25.7,0.0008,13.21,2.41,23
"Sun, August 4, 2019, 3:00:06 PM",6.16,"-",25.7,0.0009,13.23,2.53,23
"Sun, August 4, 2019, 4:00:07 PM",6.15,"-",25.52,0.0008,13.21,2.5,23
"Sun, August 4, 2019, 5:00:07 PM",6.17,"-",25.52,0.0009,13.21,2.54,23
"Sun, August 4, 2019, 6:08:42 PM",6.14,"-",25.7,0.0008,13.18,2.41,24
"Sun, August 4, 2019, 7:00:08 PM",6.14,"-",25.61,0.0008,13.21,2.49,23
"Sun, August 4, 2019, 8:00:09 PM",6.14,"-",25.7,0.0008,13.23,2.5,23
"Sun, August 4, 2019, 9:00:06 PM",6.13,"-",25.61,0.0008,13.24,2.51,23
"Sun, August 4, 2019, 10:08:40 PM",6.13,"-",25.79,0.0008,13.22,2.41,23
"Sun, August 4, 2019, 11:00:10 PM",6.16,"-",25.7,0.0009,13.19,2.5,23
"Mon, August 5, 2019, 12:00:07 AM",6.15,"-",25.44,0.0008,13.13,2.46,23
"Mon, August 5, 2019, 1:00:07 AM",6.14,"-",25.7,0.0008,13.2,2.52,23
"Mon, August 5, 2019, 2:08:37 AM",6.12,"-",25.88,0.0008,13.19,2.45,23
"Mon, August 5, 2019, 3:00:07 AM",6.15,"-",25.7,0.0008,13.2,2.51,23
"Mon, August 5, 2019, 4:00:07 AM",6.14,"-",25.7,0.0008,13.24,2.51,23
"Mon, August 5, 2019, 5:00:07 AM",6.14,"-",25.79,0.0008,13.16,2.46,24
"Mon, August 5, 2019, 6:08:37 AM",6.14,"-",25.7,0.0008,13.17,2.39,24
"Mon, August 5, 2019, 7:00:07 AM",6.17,"-",25.61,0.0009,13.16,2.51,24
"Mon, August 5, 2019, 8:00:07 AM",6.15,"-",25.79,0.0008,13.21,2.56,23
"Mon, August 5, 2019, 9:00:07 AM",6.14,"-",25.08,0.0008,13.18,2.53,22
"Mon, August 5, 2019, 10:08:35 AM",6.16,"-",23.23,0.0007,13.31,2.77,22
"Mon, August 5, 2019, 11:00:08 AM",6.16,"-",23.41,0.0007,13.28,3.11,13
"Mon, August 5, 2019, 12:00:08 PM",6.15,"-",23.85,0.0007,13.21,3.09,18
"Mon, August 5, 2019, 1:00:08 PM",6.15,"-",23.58,0.0007,13.59,3.18,19
"Mon, August 5, 2019, 2:08:34 PM",6.19,"-",22.35,0.0007,13.55,3.14,22
"Mon, August 5, 2019, 2:41:40 PM",6.15,"-",24.2,0.0008,13.12,3.5,23
"Mon, August 5, 2019, 3:00:07 PM",6.15,"-",24.02,0.0007,13.15,3.58,22
"Mon, August 5, 2019, 4:00:07 PM",6.16,"-",23.67,0.0007,13.15,3.58,21
"Mon, August 5, 2019, 5:00:07 PM",6.15,"-",23.49,0.0007,13.18,3.65,22
"Mon, August 5, 2019, 6:00:07 PM",6.17,"-",22.96,0.0007,13.16,3.86,22
"Mon, August 5, 2019, 7:08:08 PM",6.15,"-",22.61,0.0007,13.15,3.85,23
"Mon, August 5, 2019, 8:00:07 PM",6.18,"-",22.26,0.0007,13.17,4.07,25
"Mon, August 5, 2019, 9:00:08 PM",6.16,"-",22.08,0.0007,13.18,4.15,24
"Mon, August 5, 2019, 10:00:08 PM",6.18,"-",21.64,0.0007,13.17,4.22,25
"Mon, August 5, 2019, 10:41:37 PM",6.17,"-",21.64,0.0007,13.15,4.17,25
"Mon, August 5, 2019, 11:00:07 PM",6.16,"-",21.64,0.0006,13.13,4.22,25
"Tue, August 6, 2019, 12:00:07 AM",6.16,"-",22.52,0.0007,13.36,3.81,25
"Tue, August 6, 2019, 1:00:07 AM",6.16,"-",23.23,0.0007,13.31,3.66,25
"Tue, August 6, 2019, 2:00:07 AM",6.17,"-",23.67,0.0008,13.38,3.51,25
"Tue, August 6, 2019, 2:41:36 AM",6.16,"-",23.76,0.0007,13.45,3.34,25
"Tue, August 6, 2019, 3:00:09 AM",6.16,"-",23.85,0.0008,13.48,3.31,25
"Tue, August 6, 2019, 4:00:06 AM",6.16,"-",24.02,0.0008,13.48,3.34,25
"Tue, August 6, 2019, 5:00:06 AM",6.17,"-",24.11,0.0008,13.47,3.27,26
"Tue, August 6, 2019, 6:00:07 AM",6.17,"-",24.29,0.0008,13.46,3.26,25
"Tue, August 6, 2019, 6:41:34 AM",6.15,"-",24.47,0.0008,13.46,3.13,25
"Tue, August 6, 2019, 7:00:07 AM",6.16,"-",24.64,0.0008,13.5,3.19,25
"Tue, August 6, 2019, 8:00:07 AM",6.15,"-",24.64,0.0008,13.46,3.18,25
"Tue, August 6, 2019, 9:00:07 AM",6.14,"-",24.82,0.0008,13.51,3.17,25
"Tue, August 6, 2019, 10:00:08 AM",6.17,"-",23.41,0.0007,13.47,3.65,23
"Tue, August 6, 2019, 10:41:33 AM",6.17,"-",23.05,0.0007,13.46,3.7,26
"Tue, August 6, 2019, 11:00:06 AM",6.16,"-",22.88,0.0007,13.46,3.83,22
"Tue, August 6, 2019, 12:00:06 PM",6.17,"-",22.79,0.0007,13.41,3.92,20
"Tue, August 6, 2019, 12:29:01 PM",9.18,9.03,22.7,0.4215,12.97,3.49,21
"Tue, August 6, 2019, 1:00:07 PM",9.16,8.52,22.52,0.4072,13.05,3.65,18
"Tue, August 6, 2019, 2:00:07 PM",9.17,8.49,22.08,0.4051,13.17,3.92,17
"Tue, August 6, 2019, 3:00:07 PM",9.16,8.45,21.99,0.398,13.28,4.01,23
"Tue, August 6, 2019, 4:00:07 PM",9.14,8.6,21.99,0.387,13.5,3.93,21
"Tue, August 6, 2019, 5:38:13 PM",9.13,8.31,22.43,0.3891,13.55,4.27,24
"Tue, August 6, 2019, 6:00:08 PM",9.15,8.56,22.96,0.4092,13.56,3.9,22
"Tue, August 6, 2019, 7:00:08 PM",9.1,8.49,23.85,0.3968,13.48,3.3,20
"Tue, August 6, 2019, 8:00:08 PM",9.12,8.73,24.64,0.4215,13.55,3.1,22
"Tue, August 6, 2019, 9:00:09 PM",3.88,8.68,24.82,0,13.54,3,24
"Tue, August 6, 2019, 9:38:12 PM",3.87,8.54,24.91,0,13.53,2.93,25
"Tue, August 6, 2019, 10:00:07 PM",3.91,8.56,24.73,0,13.47,3.05,24
"Tue, August 6, 2019, 11:00:07 PM",3.85,8.46,24.73,0,13.53,3.13,24
"Wed, August 7, 2019, 12:00:07 AM",3.88,8.71,24.82,0,13.52,3.15,24
"Wed, August 7, 2019, 1:00:08 AM",3.85,8.62,24.73,0,13.52,3.12,24
"Wed, August 7, 2019, 1:38:11 AM",3.88,8.61,24.64,0,13.53,3.03,25
"Wed, August 7, 2019, 2:00:09 AM",3.94,8.66,24.82,0,13.55,3.08,24
"Wed, August 7, 2019, 3:00:06 AM",3.85,8.73,24.91,0,13.51,3.08,25
"Wed, August 7, 2019, 4:00:06 AM",3.92,8.62,24.82,0,13.54,3.12,25
"Wed, August 7, 2019, 5:00:07 AM",3.81,8.7,24.91,0,13.55,3.05,24
"Wed, August 7, 2019, 5:38:10 AM",3.87,8.68,25,0,13.55,2.98,23
"Wed, August 7, 2019, 6:00:08 AM",3.86,8.65,25.08,0,13.5,3.03,25
"Wed, August 7, 2019, 7:00:08 AM",3.88,8.66,24.91,0,13.5,3.04,25
"Wed, August 7, 2019, 8:00:08 AM",3.87,8.71,25,0,13.59,3.05,25
"Wed, August 7, 2019, 9:00:09 AM",3.85,8.77,25.26,0,13.6,3.03,25
"Wed, August 7, 2019, 9:38:08 AM",3.87,8.48,24.2,0,13.52,3.39,25
"Wed, August 7, 2019, 10:00:06 AM",3.91,8.74,23.58,0,13.52,3.59,25
"Wed, August 7, 2019, 11:00:06 AM",3.91,8.53,22.96,0,13.53,3.72,22
"Wed, August 7, 2019, 12:00:06 PM",3.88,8.6,23.14,0,13.51,3.72,23
"Wed, August 7, 2019, 1:00:07 PM",3.84,8.48,23.05,0,13.48,3.67,22
"Wed, August 7, 2019, 1:38:06 PM",3.86,8.49,22.61,0,13.49,3.81,22
"Wed, August 7, 2019, 2:00:07 PM",3.9,8.44,22.35,0,13.46,3.88,23
"Wed, August 7, 2019, 3:00:07 PM",3.87,8.45,23.76,0,13.51,3.35,22
"Wed, August 14, 2019, 2:55:37 PM",9.34,6.74,32.78,0.6796,13.64,1.62,31
"Wed, August 14, 2019, 4:00:07 PM",9.41,6.97,32.34,0.7075,13.77,1.43,31
"Wed, August 14, 2019, 5:00:07 PM",9.48,6.99,32.25,0.7385,13.31,1.64,31
"Wed, August 14, 2019, 6:00:07 PM",9.47,6.27,31.63,0.7258,12.6,2.01,31
"Wed, August 14, 2019, 10:53:07 PM",8.64,5.28,28,0.2339,11.99,2.66,31
"Thu, August 15, 2019, 12:00:07 AM",8.61,4.68,27.38,0.2144,11.7,2.81,31
"Thu, August 15, 2019, 7:02:52 AM",8.72,4.38,24.82,0.2271,12.31,3.51,31
"Thu, August 15, 2019, 8:00:07 AM",9.07,4.1,24.64,0.3937,13.75,3.01,31
"Thu, August 15, 2019, 9:00:08 AM",9.52,4.44,25.44,0.6595,14.12,2.47,31
"Thu, August 15, 2019, 10:00:08 AM",9.78,5.49,26.5,0.7915,14.45,2.02,31
"Thu, August 15, 2019, 11:02:51 AM",9.95,5.1,28,0.8618,14.45,1.73,31
"Thu, August 15, 2019, 12:00:06 PM",10.08,5.78,29.59,0.9037,14.27,1.32,31
"Thu, August 15, 2019, 1:00:07 PM",10.15,6.07,31.18,0.9248,14.24,1.16,31
"Thu, August 15, 2019, 2:00:07 PM",10.15,6.22,32.25,0.9296,14.3,1.13,31
"Thu, August 15, 2019, 3:02:49 PM",10,6.11,32.69,0.906,14.32,1.3,31
"Thu, August 15, 2019, 4:00:07 PM",9.92,5.37,33.22,0.8925,14.48,1.18,31
"Thu, August 15, 2019, 5:00:08 PM",9.62,7.04,33.22,0.8063,13.95,1.26,31
"Thu, August 15, 2019, 6:00:08 PM",9.33,7.16,32.87,0.6758,13.06,1.69,31
"Thu, August 15, 2019, 7:02:47 PM",8.99,5.57,32.07,0.4745,12.69,2.12,31
"Thu, August 15, 2019, 8:00:08 PM",8.78,5.6,31.01,0.3413,12.62,2.39,31
"Thu, August 15, 2019, 9:00:09 PM",8.79,4.98,30.21,0.3343,12.57,2.58,31
"Thu, August 15, 2019, 10:00:06 PM",8.8,4.9,29.33,0.3261,12.53,2.61,31
"Thu, August 15, 2019, 11:02:45 PM",8.67,4.94,28.71,0.2558,12.49,2.56,31
"Fri, August 16, 2019, 12:00:06 AM",8.66,5.28,28,0.2423,12.46,2.6,31
"Fri, August 16, 2019, 1:00:07 AM",8.6,4.69,27.82,0.2157,12.43,3,31
"Fri, August 16, 2019, 2:00:07 AM",8.56,4.24,27.29,0.1947,12.4,3.18,31
"Fri, August 16, 2019, 7:02:41 AM",8.64,4.35,24.82,0.1964,12.54,3.21,31
"Fri, August 16, 2019, 8:00:09 AM",9.03,3.92,24.91,0.3765,13.34,2.69,31
"Fri, August 16, 2019, 9:00:09 AM",9.44,4.33,26.14,0.6286,14.48,2.14,31
"Fri, August 16, 2019, 10:00:09 AM",9.87,5.35,28,0.8383,14.36,1.66,31
"Fri, August 16, 2019, 11:02:39 AM",9.91,5.4,29.95,0.8667,14.28,1.41,31
"Fri, August 16, 2019, 12:00:07 PM",10.04,5.85,31.27,0.9056,14.01,1.17,31
"Fri, August 16, 2019, 1:00:07 PM",10.12,6.16,32.25,0.925,14.39,1.32,31
"Fri, August 16, 2019, 2:00:07 PM",10.07,6.51,32.78,0.9193,13.82,1.29,31
"Fri, August 16, 2019, 11:02:34 PM",8.73,5.01,28.97,0.2866,12.61,2.26,31
"Sat, August 17, 2019, 12:00:08 AM",8.74,4.96,28.8,0.2889,12.58,2.48,31
"Sat, August 17, 2019, 1:00:08 AM",8.68,4.64,28.53,0.2578,12.55,2.7,31
"Sat, August 17, 2019, 2:00:08 AM",8.48,4.41,27.65,0.1709,12.51,2.79,31
"Sat, August 17, 2019, 7:02:30 AM",8.73,4.26,25.08,0.2345,12.66,3.19,31
"Sat, August 17, 2019, 8:00:07 AM",9.13,3.98,25.08,0.4348,13.37,2.72,31
"Sat, August 17, 2019, 10:00:07 AM",9.9,5.46,27.91,0.8467,14.2,1.59,31
"Sat, August 17, 2019, 3:02:26 PM",10.1,6.27,33.84,0.9291,14.34,1.05,31
"Sat, August 17, 2019, 4:00:06 PM",9.93,6.39,34.37,0.9017,13.94,1.1,31
"Sat, August 17, 2019, 5:00:06 PM",9.63,6.98,33.93,0.817,13.88,1.29,31
"Sat, August 17, 2019, 6:00:06 PM",9.36,6.58,33.22,0.6958,12.98,1.66,31
"Sat, August 17, 2019, 7:02:24 PM",9,5.84,32.51,0.4877,12.84,2.2,31
"Sat, August 17, 2019, 8:00:07 PM",8.9,5.94,31.54,0.4146,12.78,2.24,31
"Sat, August 17, 2019, 9:00:07 PM",8.85,5.63,31.01,0.3785,12.74,2.33,31
"Sat, August 17, 2019, 10:00:07 PM",8.69,5.37,30.12,0.2839,12.71,2.47,31
"Sat, August 17, 2019, 11:02:22 PM",8.69,4.67,29.5,0.2754,12.68,2.34,31
"Sun, August 18, 2019, 12:00:08 AM",8.68,4.58,28.97,0.2636,12.65,2.46,31
"Sun, August 18, 2019, 1:00:08 AM",8.64,4.46,28.62,0.2417,12.62,2.47,31
"Sun, August 18, 2019, 2:00:08 AM",8.65,4.37,28.27,0.2415,12.59,2.46,31
"Sun, August 18, 2019, 3:02:20 AM",8.63,4.16,28,0.2298,12.56,2.46,31
"Sun, August 18, 2019, 4:00:06 AM",8.77,4.8,27.65,0.2868,12.54,2.61,31
"Sun, August 18, 2019, 5:00:06 AM",8.59,4.13,27.56,0.2088,12.51,2.95,31
"Sun, August 18, 2019, 6:00:06 AM",8.53,3.66,27.2,0.1832,12.48,3.15,31
"Sun, August 18, 2019, 7:02:18 AM",8.64,4.38,26.67,0.2178,12.57,2.97,31
"Sun, August 18, 2019, 8:00:07 AM",8.88,3.82,26.32,0.3207,13.03,2.82,31
"Sun, August 18, 2019, 9:00:07 AM",9.45,4.26,26.23,0.6354,13.36,2.59,31
"Sun, August 18, 2019, 10:00:08 AM",9.63,4.54,26.76,0.7324,13.28,2.5,31
"Sun, August 18, 2019, 11:02:16 AM",10,4.93,26.94,0.8666,14.18,2.2,31
"Sun, August 18, 2019, 12:00:08 PM",10.1,5.04,27.29,0.8934,13.8,2.41,31
"Sun, August 18, 2019, 1:00:08 PM",9.85,5.23,27.56,0.8277,14.03,2.69,31
"Sun, August 18, 2019, 2:00:09 PM",10.12,5.83,27.65,0.9,14.29,2.31,31
"Sun, August 18, 2019, 3:02:16 PM",10.17,6.04,27.91,0.9114,14.19,1.88,31
"Sun, August 18, 2019, 4:00:08 PM",10.13,6.13,28.53,0.9073,14.41,1.85,31
"Sun, August 18, 2019, 5:00:08 PM",9.85,6.61,28.88,0.8403,13.6,2,31
"Sun, August 18, 2019, 6:00:09 PM",9.44,6.36,28.97,0.6732,12.94,2.29,31
"Sun, August 18, 2019, 7:02:14 PM",9.09,6.05,28.53,0.4717,12.81,2.8,31
"Sun, August 18, 2019, 8:00:06 PM",8.96,5.81,27.91,0.388,12.77,2.93,31
"Sun, August 18, 2019, 9:00:06 PM",8.8,5.44,27.47,0.2985,12.73,2.91,31
"Sun, August 18, 2019, 10:00:07 PM",8.79,4.77,27.03,0.2874,12.71,2.72,31
"Sun, August 18, 2019, 11:02:12 PM",8.81,5.45,26.85,0.2943,12.67,2.72,31
"Mon, August 19, 2019, 12:00:07 AM",8.66,4.74,26.59,0.2247,12.64,3.04,31
"Mon, August 19, 2019, 1:00:07 AM",8.66,4.68,26.23,0.2204,12.62,2.94,31
"Mon, August 19, 2019, 2:00:08 AM",8.64,4.74,26.06,0.2106,12.59,2.96,31
"Mon, August 19, 2019, 7:02:09 AM",8.64,4.54,24.64,0.1944,12.53,3.26,31
"Mon, August 19, 2019, 8:00:07 AM",9.11,4.28,24.82,0.419,13.04,3.08,31
"Mon, August 19, 2019, 9:00:07 AM",9.52,4.51,24.82,0.6496,13.29,2.92,31
"Mon, August 19, 2019, 10:00:08 AM",10.04,4.78,25.7,0.8672,14.23,2.19,31
"Mon, August 19, 2019, 11:02:08 AM",10.17,5.93,27.29,0.9078,14.29,1.59,31
"Mon, August 19, 2019, 12:00:06 PM",10.2,6.24,28.97,0.9222,14.21,1.45,31
"Mon, August 19, 2019, 1:00:06 PM",10.24,5.26,30.48,0.9351,14.45,1.51,31
"Mon, August 19, 2019, 2:00:07 PM",10.34,6.19,31.63,0.9515,14.28,1.11,31
"Mon, August 19, 2019, 3:02:05 PM",10.22,5.58,33.04,0.9424,14.18,1.07,31
"Mon, August 19, 2019, 4:00:06 PM",9.77,6.21,33.04,0.8531,14.39,2.12,31
"Mon, August 19, 2019, 5:00:06 PM",9.43,5.57,32.07,0.7132,13.03,2.77,31
"Mon, August 19, 2019, 6:00:07 PM",9.09,3.86,30.3,0.502,12.81,3.34,31
"Mon, August 19, 2019, 7:02:03 PM",8.82,1.38,29.15,0.3335,12.77,3.08,31
"Mon, August 19, 2019, 8:00:07 PM",8.71,1.54,28.53,0.2712,12.74,3.01,31
"Mon, August 19, 2019, 9:00:08 PM",8.55,4.17,28.09,0.1999,12.72,2.98,31
"Mon, August 19, 2019, 10:00:08 PM",8.57,5.06,27.47,0.2003,12.69,2.93,31
"Tue, August 20, 2019, 7:01:58 AM",8.59,4.32,25,0.1807,12.74,3.14,31
"Tue, August 20, 2019, 8:00:08 AM",9.2,3.92,25,0.4733,13.23,3,31
"Tue, August 20, 2019, 9:00:09 AM",9.74,4.3,25.88,0.7683,13.66,2.33,31
"Tue, August 20, 2019, 10:00:06 AM",10.13,5.07,26.85,0.897,14.22,2.34,31
"Tue, August 20, 2019, 11:01:56 AM",10.19,6.01,28.53,0.9183,14.3,1.74,31
"Tue, August 20, 2019, 12:00:06 PM",10.33,7.17,30.3,0.946,14.5,1.54,31
"Tue, August 20, 2019, 1:00:07 PM",10.12,5.78,31.45,0.9211,14.43,1.83,31
"Tue, August 20, 2019, 2:00:07 PM",10.42,6.17,31.72,0.9596,14.25,1.64,31
"Tue, August 20, 2019, 11:01:50 PM",8.73,4.94,26.94,0.2587,12.69,2.82,31
"Wed, August 21, 2019, 12:00:07 AM",8.61,4.85,26.67,0.2062,12.65,3.08,31
"Wed, August 21, 2019, 1:00:07 AM",8.61,4.72,26.41,0.2033,12.63,3.2,31
"Wed, August 21, 2019, 2:00:07 AM",8.58,4.37,25.97,0.1875,12.59,3.2,31
"Wed, August 21, 2019, 3:01:48 AM",8.6,4.63,25.52,0.1898,12.57,3.08,31
"Wed, August 21, 2019, 4:00:08 AM",8.53,4.13,25.44,0.1654,12.53,3.3,31
"Wed, August 21, 2019, 5:00:08 AM",8.52,3.91,25,0.1581,12.5,3.36,31
"Wed, August 21, 2019, 6:00:08 AM",8.53,4.38,24.64,0.1578,12.47,3.36,31
"Wed, August 21, 2019, 7:01:47 AM",8.83,4.1,24.64,0.2721,13.11,3.04,31
"Wed, August 21, 2019, 8:00:07 AM",9.37,4.41,25,0.5707,13.21,2.88,31
"Wed, August 21, 2019, 9:00:07 AM",9.72,4.57,25.61,0.7565,14.25,2.72,31
"Wed, August 21, 2019, 10:00:07 AM",10.09,5.12,26.41,0.8851,14.09,2.46,31
"Wed, August 21, 2019, 11:01:44 AM",10.27,5.75,27.38,0.9258,14.43,2.12,31
"Wed, August 21, 2019, 12:00:07 PM",10.31,6.01,28,0.9346,14.29,2.08,31
"Wed, August 21, 2019, 1:00:07 PM",10.37,6.53,28.88,0.9457,14.46,1.97,31
"Wed, August 21, 2019, 2:00:07 PM",10.31,6.8,29.41,0.9403,14.19,2.05,31
"Wed, August 21, 2019, 3:01:44 PM",10.42,6.9,30.03,0.9549,14.28,1.44,31
"Wed, August 21, 2019, 4:00:07 PM",10.15,6.86,30.83,0.9231,14.3,1.95,31
"Wed, August 21, 2019, 5:00:07 PM",9.77,8.2,30.92,0.8343,13.34,2.24,31
"Wed, August 21, 2019, 11:01:41 PM",8.7,5.2,26.85,0.2445,12.67,2.97,31
"Thu, August 22, 2019, 12:00:07 AM",8.63,4.58,26.14,0.2077,12.64,3.08,31
"Thu, August 22, 2019, 1:00:07 AM",8.6,4.6,25.79,0.1927,12.61,3.27,31
"Thu, August 22, 2019, 2:00:07 AM",8.53,4.62,25.44,0.1654,12.57,3.46,31
"Thu, August 22, 2019, 3:01:39 AM",8.55,4.36,25.08,0.1683,12.55,3.41,31
"Thu, August 22, 2019, 4:00:08 AM",8.48,4.19,24.82,0.1446,12.51,3.47,31
"Thu, August 22, 2019, 5:00:08 AM",8.45,4.08,24.73,0.1355,12.48,3.58,31
"Thu, August 22, 2019, 6:00:08 AM",8.37,4.19,24.38,0.1129,12.45,3.6,31
"Thu, August 22, 2019, 7:01:36 AM",8.53,4.45,24.2,0.1537,12.54,3.49,31
"Thu, August 22, 2019, 8:00:08 AM",9.28,4.35,24.29,0.5068,13.19,3.03,31
"Thu, August 22, 2019, 9:00:08 AM",9.72,4.69,25.26,0.7519,13.55,2.67,31
"Thu, August 22, 2019, 10:00:08 AM",10.12,5.2,25.97,0.8889,13.86,2.21,31
"Thu, August 22, 2019, 11:01:34 AM",10.38,6.63,27.47,0.9418,14.2,1.71,31
"Thu, August 22, 2019, 12:00:06 PM",10.41,6.57,29.33,0.9517,14.11,1.63,31
"Thu, August 22, 2019, 1:00:06 PM",10.51,7.37,30.83,0.9649,14.19,1.42,31
"Thu, August 22, 2019, 2:00:06 PM",10.49,6.75,32.34,0.9668,14.2,1.39,31
"Thu, August 22, 2019, 3:01:33 PM",10.17,7.46,33.57,0.938,14.13,1.57,31
"Thu, August 22, 2019, 3:58:01 PM",8.87,4.37,22.7,0.263,13.39,2.76,24
"Thu, August 22, 2019, 5:00:07 PM",8.83,3.81,22.26,0.2397,12.31,2.52,25
"Fri, August 23, 2019, 12:26:52 PM",3.97,3.56,32.42,0,12.63,0.93,14
"Fri, August 23, 2019, 12:40:26 PM",5,7.28,32.42,0.0001,12.6,0.9,12
"Fri, August 23, 2019, 12:53:50 PM",5.02,7.19,32.78,0.0001,12.59,0.9,14
"Fri, August 23, 2019, 1:22:11 PM",8.04,10.76,26.06,0.0628,12.56,1.09,17
"Fri, August 23, 2019, 1:52:47 PM",7.89,10.69,"-",0.0064,12.51,1.18,19
"Fri, August 23, 2019, 2:39:55 PM",6.62,6.4,"-",0.0003,12.47,1.48,14
"Fri, August 23, 2019, 3:40:05 PM",7.71,8.39,"-",0.0042,13.28,1.33,17
"Fri, August 23, 2019, 3:59:40 PM",8.24,8.36,33.66,0.1516,13.39,1.39,19
"Fri, August 23, 2019, 5:00:08 PM",7.93,11.32,13.18,0.0198,13.12,1.57,19
"Fri, August 23, 2019, 6:00:08 PM",7.86,9.62,19.7,0.0273,12.67,1.79,19
"Fri, August 23, 2019, 11:59:36 PM",6.84,6.12,26.23,0.0043,12.27,2.17,21
"Sat, August 24, 2019, 1:00:07 AM",6.74,5.83,23.76,0.0028,12.23,2.32,20
"Sat, August 24, 2019, 2:00:07 AM",6.61,5.59,24.02,0.0022,12.2,2.67,18
"Sat, August 24, 2019, 3:00:08 AM",6.5,5.38,24.73,0.0018,12.17,2.78,20
"Sat, August 24, 2019, 3:59:34 AM",6.46,5.22,24.64,0.0016,12.14,2.87,20
"Sat, August 24, 2019, 5:00:08 AM",6.33,5.19,23.49,0.0011,12.1,2.93,20
"Sat, August 24, 2019, 6:00:08 AM",6.27,4.98,23.94,0.001,12.07,2.83,20
"Sat, August 24, 2019, 7:00:09 AM",6.09,5.34,24.55,0.0007,12.3,2.47,20
"Sat, August 24, 2019, 7:59:31 AM",6.31,5.82,24.55,0.0011,12.65,2.15,19
"Sat, August 24, 2019, 9:00:08 AM",7.27,8.49,24.29,0.0099,13.09,2.05,20
"Sat, August 24, 2019, 10:00:09 AM",7.59,9.22,25.17,0.0218,14.26,1.59,18
"Sat, August 24, 2019, 11:00:09 AM",7.94,7.64,25.52,0.0487,14.21,1.38,19
"Sat, August 24, 2019, 11:59:30 AM",8.25,7.64,25.88,0.0969,14.27,1.37,20
"Sat, August 24, 2019, 1:00:07 PM",8.09,7.46,26.14,0.0703,14.19,1.34,20
"Sat, August 24, 2019, 2:00:08 PM",8.27,7.45,27.29,0.1103,14.21,1.36,20
"Sat, August 24, 2019, 3:00:08 PM",8.17,7.48,28.8,0.0986,14.25,1.37,21
"Sat, August 24, 2019, 3:59:30 PM",8.31,7.31,28.8,0.1312,14.17,1.42,20
"Sat, August 24, 2019, 5:00:07 PM",8.22,21.2,28.18,0.1052,14.12,1.77,19
"Sat, August 24, 2019, 6:00:08 PM",7.96,7.08,28.35,0.0614,13,1.89,20
"Sat, August 24, 2019, 7:00:08 PM",7.82,7.22,27.73,0.0434,12.7,2.1,20
"Sat, August 24, 2019, 7:59:29 PM",7.51,7.15,27.56,0.0215,12.67,1.97,20
"Sat, August 24, 2019, 9:00:06 PM",7.58,7.08,27.29,0.0247,12.64,2.14,20
"Sat, August 24, 2019, 10:00:07 PM",6.1,7.21,27.56,0.0009,12.61,2.29,20
"Sat, August 24, 2019, 11:00:07 PM",6.44,6.97,27.38,0.0018,12.58,2.31,20
"Sat, August 24, 2019, 11:59:27 PM",5.75,6.76,27.2,0.0004,12.55,2.33,22
"Sun, August 25, 2019, 1:00:07 AM",4.92,6.64,26.94,0.0001,12.52,2.46,20
"Sun, August 25, 2019, 2:00:08 AM",5.49,6.37,26.85,0.0002,12.5,2.49,21
"Sun, August 25, 2019, 3:00:08 AM",5.18,6.17,26.5,0.0001,12.47,2.52,20
"Sun, August 25, 2019, 3:59:26 AM",5.63,6,26.5,0.0003,12.44,2.44,22
"Sun, August 25, 2019, 5:00:06 AM",4.84,5.54,26.23,0,12.42,2.59,22
"Sun, August 25, 2019, 6:00:07 AM",4.03,5.38,26.23,0,12.39,2.66,30
"Sun, August 25, 2019, 7:00:07 AM",4.55,5.34,26.23,0,12.53,2.51,30
"Sun, August 25, 2019, 7:59:24 AM",4.75,5.26,26.76,0,13.05,2,21
"Sun, August 25, 2019, 9:00:07 AM",5.27,5.1,27.47,0.0001,14.35,1.9,21
"Sun, August 25, 2019, 10:00:08 AM",5.73,5.04,30.48,0.0004,14.23,1.44,19
"Sun, August 25, 2019, 11:00:08 AM",7.42,4.7,30.92,0.022,14.2,1.38,19
"Sun, August 25, 2019, 11:59:22 AM",8.42,4.46,30.92,0.1836,14.2,1.22,21
"Sun, August 25, 2019, 1:00:08 PM",8.48,4.49,32.25,0.2203,14.18,1.34,19
"Sun, August 25, 2019, 2:00:09 PM",8.41,4.56,32.87,0.2004,14.18,1.3,21
"Sun, August 25, 2019, 3:00:06 PM",8.38,4.71,33.84,0.1998,14.18,1.28,21
"Sun, August 25, 2019, 3:59:20 PM",8.48,4.69,34.64,0.2489,14.23,1.22,21
"Sun, August 25, 2019, 5:00:06 PM",8.52,18.73,34.02,0.2586,14.15,1.23,22
"Sun, August 25, 2019, 6:00:07 PM",8.19,20.7,31.54,0.1213,12.88,1.94,23
"Sun, August 25, 2019, 7:00:07 PM",7.59,17.22,30.21,0.0307,12.69,2.13,21
"Sun, August 25, 2019, 7:59:15 PM",7.29,12.45,29.95,0.0154,12.64,2.19,21
"Sun, August 25, 2019, 9:00:08 PM",7.15,10.21,30.21,0.0114,12.61,2.25,22
"Sun, August 25, 2019, 10:00:08 PM",7,8.97,30.12,0.008,12.58,2.35,22
"Sun, August 25, 2019, 11:00:08 PM",6.86,7.82,30.3,0.0059,12.56,2.36,22
"Sun, August 25, 2019, 11:59:15 PM",6.68,7.04,30.21,0.0039,12.53,2.15,23
"Mon, August 26, 2019, 1:00:08 AM",6.61,6.39,29.95,0.0032,12.5,2.32,23
"Mon, August 26, 2019, 2:00:08 AM",6.69,5.79,30.03,0.0039,12.48,2.36,23
"Mon, August 26, 2019, 3:00:08 AM",6.71,5.41,29.77,0.004,12.45,2.47,23
"Mon, August 26, 2019, 3:59:14 AM",6.7,5.24,29.86,0.004,12.43,2.49,22
"Mon, August 26, 2019, 5:00:07 AM",6.54,4.99,29.59,0.0027,12.4,2.33,24
"Mon, August 26, 2019, 6:00:07 AM",6.67,4.76,29.5,0.0036,12.38,2.36,25
"Mon, August 26, 2019, 7:00:07 AM",6.62,3.65,29.5,0.0032,12.55,2.33,25
"Mon, August 26, 2019, 7:59:11 AM",6.21,4.38,29.06,0.0012,12.86,2.06,25
"Mon, August 26, 2019, 9:00:10 AM",7.39,10.31,29.86,0.0191,13.7,1.85,25
"Mon, August 26, 2019, 10:00:07 AM",7.52,10.36,29.86,0.0257,14.25,1.38,24
"Mon, August 26, 2019, 11:00:07 AM",8.24,15.8,30.83,0.1287,14.21,1.3,21
"Mon, August 26, 2019, 11:59:09 AM",8.44,18.87,31.89,0.2009,14.2,1.17,23
"Mon, August 26, 2019, 1:00:08 PM",8,16.54,30.83,0.0783,14.2,1.12,24
"Mon, August 26, 2019, 2:00:08 PM",8.33,22.24,32.6,0.1699,14.21,1.11,20
"Mon, August 26, 2019, 3:00:08 PM",8.42,20.74,33.31,0.209,14.17,1.12,17
"Mon, August 26, 2019, 3:59:08 PM",8.15,19.42,31.89,0.1142,14.21,1.3,21
"Mon, August 26, 2019, 5:00:07 PM",8.03,17.1,31.63,0.0877,13.5,1.65,24
"Mon, August 26, 2019, 6:00:07 PM",7.72,13.81,31.45,0.0444,12.67,2,27
"Mon, August 26, 2019, 7:00:07 PM",7.53,15.27,31.45,0.0292,12.68,2.16,21
"Mon, August 26, 2019, 7:59:05 PM",7.39,12.48,31.27,0.021,12.64,2.06,23
"Mon, August 26, 2019, 9:00:07 PM",7.34,10.24,31.01,0.0185,12.6,2.15,23
"Mon, August 26, 2019, 10:00:07 PM",7.09,8.71,31.8,0.011,12.57,2.25,26
"Mon, August 26, 2019, 11:00:07 PM",7.09,7.58,30.65,0.0102,12.55,2.24,23
"Mon, August 26, 2019, 11:59:03 PM",6.65,6.77,30.74,0.0038,12.52,2.25,24
"Tue, August 27, 2019, 1:00:08 AM",6.64,6.14,30.56,0.0036,12.49,2.4,23
"Tue, August 27, 2019, 2:00:08 AM",6.35,5.35,30.3,0.0018,12.46,2.41,22
"Tue, August 27, 2019, 3:00:08 AM",6.68,4.64,30.12,0.0039,12.44,2.41,20
"Tue, August 27, 2019, 3:59:01 AM",6.44,4.28,29.86,0.0022,12.41,2.31,23
"Tue, August 27, 2019, 5:00:06 AM",6.41,3.92,29.59,0.002,12.38,2.43,23
"Tue, August 27, 2019, 6:00:06 AM",6.3,3.69,29.06,0.0015,12.36,2.44,23
"Tue, August 27, 2019, 7:00:06 AM",6.44,2.38,28.97,0.0021,12.64,2.1,23
"Tue, August 27, 2019, 7:58:59 AM",6.72,4.06,29.41,0.004,12.62,1.93,23
"Tue, August 27, 2019, 9:00:07 AM",7.22,9.32,29.77,0.0129,13.68,1.84,23
"Tue, August 27, 2019, 10:00:07 AM",8.22,16.51,30.92,0.1242,14.25,1.31,25
"Tue, August 27, 2019, 11:00:07 AM",8.08,15.59,31.8,0.0984,14.21,1.22,26
"Tue, August 27, 2019, 11:58:57 AM",8.38,17.03,31.54,0.1762,14.2,1.22,23
"Tue, August 27, 2019, 1:00:08 PM",8.39,15.3,31.98,0.184,14.21,1.12,21
"Tue, August 27, 2019, 2:00:08 PM",8.44,14.47,32.78,0.2107,14.19,1.09,21
"Tue, August 27, 2019, 3:00:08 PM",7.89,17.79,33.22,0.0719,14.2,1.37,20
"Tue, August 27, 2019, 3:58:53 PM",7.83,15.7,32.95,0.0622,14.14,1.6,22
"Tue, August 27, 2019, 5:00:07 PM",7.51,16.34,32.07,0.029,14.35,2,22
"Tue, August 27, 2019, 6:00:07 PM",7.67,13.78,31.98,0.0412,12.74,2.15,22
"Tue, August 27, 2019, 7:00:08 PM",7.41,14.24,31.63,0.0225,12.67,2.2,22
"Tue, August 27, 2019, 7:58:54 PM",7.16,11.06,32.16,0.0133,12.64,2.15,23
"Tue, August 27, 2019, 9:00:08 PM",7.1,9.45,31.36,0.011,12.6,2.31,23
"Tue, August 27, 2019, 10:00:08 PM",6.94,7.96,31.18,0.0075,12.57,2.32,24
"Tue, August 27, 2019, 11:00:09 PM",6.8,7,30.92,0.0054,12.54,2.39,23
"Tue, August 27, 2019, 11:58:51 PM",6.67,5.98,31.01,0.004,12.51,2.11,23
"Wed, August 28, 2019, 1:00:08 AM",6.58,5,30.83,0.0032,12.49,2.21,23
"Wed, August 28, 2019, 2:00:08 AM",6.48,4.46,30.56,0.0025,12.46,2.32,24
"Wed, August 28, 2019, 3:00:09 AM",6.42,4.17,30.65,0.0022,12.43,2.49,23
"Wed, August 28, 2019, 3:58:50 AM",6.14,3.73,30.56,0.0012,12.39,2.51,23
"Wed, August 28, 2019, 5:00:07 AM",6.2,3.64,30.3,0.0013,12.36,2.52,23
"Wed, August 28, 2019, 6:00:07 AM",6.11,3.4,30.12,0.001,12.33,2.38,23
"Wed, August 28, 2019, 7:00:08 AM",6.02,1.82,30.12,0.0008,12.3,2.51,23
"Wed, August 28, 2019, 8:29:28 AM",6.03,6.8,29.5,0.0008,12.57,2.16,27
"Wed, August 28, 2019, 9:00:06 AM",5.93,2.05,30.03,0.0007,12.87,2.22,23
"Wed, August 28, 2019, 10:00:06 AM",6.21,3.47,29.68,0.0013,13.2,1.93,24
"Wed, August 28, 2019, 11:00:07 AM",6.57,7.48,29.95,0.003,14.31,1.81,22
"Wed, August 28, 2019, 12:00:07 PM",6.9,8.56,30.12,0.0064,14.2,1.62,23
"Wed, August 28, 2019, 12:29:27 PM",6.96,8.85,30.03,0.0073,14.28,1.54,26
"Wed, August 28, 2019, 1:00:08 PM",7.02,8.93,30.12,0.0084,14.23,1.68,23
"Wed, August 28, 2019, 2:00:08 PM",7.4,12.2,30.3,0.0202,14.19,1.63,23
"Wed, August 28, 2019, 3:00:09 PM",7.43,13.58,30.39,0.0217,14.37,1.69,27
"Wed, August 28, 2019, 4:00:06 PM",7.27,11.39,30.21,0.0149,14.16,1.73,25
"Wed, August 28, 2019, 4:29:24 PM",7.35,11.48,30.3,0.018,14.35,1.71,24
"Wed, August 28, 2019, 5:00:08 PM",7.38,11.62,30.12,0.019,14.29,1.81,24
"Wed, August 28, 2019, 6:00:08 PM",7.3,11.08,30.39,0.0162,12.68,1.85,23
"Wed, August 28, 2019, 7:00:09 PM",7.16,9.71,30.39,0.0118,12.66,2.41,24
"Wed, August 28, 2019, 8:00:06 PM",7.15,8.28,30.12,0.0113,12.63,2.36,23
"Wed, August 28, 2019, 8:29:23 PM",6.99,7.76,29.59,0.0076,12.61,2.34,26
"Wed, August 28, 2019, 9:00:07 PM",6.92,7.03,29.59,0.0065,12.59,2.41,27
"Wed, August 28, 2019, 10:00:07 PM",6.9,6.29,29.68,0.0062,12.56,2.42,28
"Wed, August 28, 2019, 11:00:08 PM",6.79,5.34,29.77,0.0048,12.54,2.56,21
"Thu, August 29, 2019, 12:00:08 AM",6.79,4.73,29.59,0.0048,12.5,2.65,27
"Thu, August 29, 2019, 12:29:22 AM",6.82,4.51,28.71,0.0048,12.49,2.49,28
"Thu, August 29, 2019, 1:00:09 AM",6.61,4.35,28.88,0.003,12.47,2.67,28
"Thu, August 29, 2019, 2:00:09 AM",6.59,3.7,29.24,0.003,12.44,2.6,26
"Thu, August 29, 2019, 3:00:10 AM",6.37,3.32,29.33,0.0018,12.41,2.51,27
"Thu, August 29, 2019, 4:00:07 AM",6.2,3.47,29.06,0.0012,12.36,2.57,27
"Thu, August 29, 2019, 4:29:21 AM",6.17,3.28,28.44,0.0011,12.32,2.49,28
"Thu, August 29, 2019, 11:55:02 AM",7.74,12.15,30.03,0.0423,14.19,1.31,22
"Thu, August 29, 2019, 1:00:09 PM",7.7,11.98,31.45,0.0425,14.2,1.19,22
"Thu, August 29, 2019, 2:00:06 PM",7.74,8.09,31.01,0.0451,14.21,1.2,23
"Thu, August 29, 2019, 3:00:06 PM",7.72,7.17,31.89,0.0457,14.17,1.12,23
"Thu, August 29, 2019, 7:54:59 PM",7.51,2.66,29.5,0.0245,12.62,2.16,22
"Thu, August 29, 2019, 9:00:09 PM",7.45,0.95,30.21,0.0224,12.59,2.33,24
"Thu, August 29, 2019, 10:00:06 PM",7.37,0.58,30.21,0.0187,12.56,2.4,23
"Thu, August 29, 2019, 11:00:06 PM",7.25,0.13,30.12,0.0142,12.53,2.37,24
"Fri, August 30, 2019, 8:21:13 AM",6.82,0.01,29.06,0.0049,12.75,2.26,23
"Fri, August 30, 2019, 9:00:07 AM",6.77,0.01,28.71,0.0043,13.13,2.26,24
"Fri, August 30, 2019, 10:00:07 AM",6.99,0.01,29.24,0.0074,14.35,1.9,21
"Fri, August 30, 2019, 11:00:07 AM",7.08,0.01,29.77,0.0094,14.2,1.57,22
"Fri, August 30, 2019, 12:00:08 PM",7.24,0.01,28.62,0.0125,14.17,1.59,22
"Fri, August 30, 2019, 8:21:09 PM",7.19,0.01,29.77,0.0121,12.59,2.09,23
"Fri, August 30, 2019, 9:00:06 PM",7.17,0.01,30.39,0.012,12.57,2.17,27
"Fri, August 30, 2019, 10:00:06 PM",7.14,0.01,30.39,0.0113,12.54,2.26,23
"Fri, August 30, 2019, 11:00:06 PM",7.1,0.01,30.3,0.0102,12.51,2.31,26
"Sat, August 31, 2019, 12:00:07 AM",7.07,0.01,30.3,0.0095,12.47,2.48,26
"Sat, August 31, 2019, 8:24:49 AM",6.39,0.01,29.68,0.0019,12.83,2.62,25
"Sat, August 31, 2019, 9:00:09 AM",6.25,0.01,29.41,0.0014,13.21,2.83,23
"Sat, August 31, 2019, 10:00:09 AM",6.19,0.01,29.24,0.0012,13.79,3.09,25
"Sat, August 31, 2019, 11:00:06 AM",6.14,0.02,29.41,0.0011,14.2,3.17,22
"Sat, August 31, 2019, 12:00:06 PM",6.34,0.01,29.5,0.0017,14.16,2.72,23
"Sat, August 31, 2019, 12:24:48 PM",6.53,0.1,29.59,0.0026,14.16,2.42,23
"Sat, August 31, 2019, 1:00:08 PM",6.64,0.03,29.5,0.0034,14.29,2.54,27
"Sat, August 31, 2019, 2:00:08 PM",6.82,0.01,29.41,0.0051,14.31,2.56,24
"Sat, August 31, 2019, 3:00:08 PM",6.79,0.01,29.59,0.0048,14.13,2.54,27
"Sat, August 31, 2019, 4:00:08 PM",6.84,0.05,29.33,0.0053,14.26,2.51,26
"Sat, August 31, 2019, 4:24:47 PM",6.88,0.17,29.5,0.0059,14.29,2.31,24
"Sat, August 31, 2019, 5:00:07 PM",6.89,0.09,29.33,0.0059,14.2,2.43,20
"Sat, August 31, 2019, 6:00:07 PM",6.94,0.01,29.41,0.0067,12.69,2.23,24
"Sat, August 31, 2019, 7:00:07 PM",6.87,0.01,29.41,0.0057,12.62,2.34,27
"Sat, August 31, 2019, 8:00:07 PM",6.87,0.01,29.33,0.0057,12.59,2.36,27
"Sun, September 1, 2019, 8:20:22 AM",5.04,0.01,28.09,0.0001,12.88,5.28,30
"Sun, September 1, 2019, 9:00:08 AM",4.61,0.01,28.44,0,13.24,6.32,21
"Sun, September 1, 2019, 10:00:08 AM",4.12,0.01,28.53,0,14.27,7.28,23
"Sun, September 1, 2019, 11:00:08 AM",4.06,0.01,28.71,0,14.3,7.13,27
"Sun, September 1, 2019, 12:00:09 PM",4.13,0.01,28.88,0,14.13,7.27,23
"Sun, September 1, 2019, 12:20:20 PM",4.84,0.12,28.53,0.0001,14.2,4.99,23
"Sun, September 1, 2019, 1:00:09 PM",4.5,0.01,28.8,0,14.14,6.11,23
"Sun, September 1, 2019, 2:00:06 PM",4.27,0.01,28.88,0,14.23,7.01,27
"Sun, September 1, 2019, 3:00:06 PM",4.92,0.01,28.97,0.0001,14.31,5.77,28
"Sun, September 1, 2019, 4:00:07 PM",5.09,0.01,28.97,0.0001,14.18,5.94,23
"Sun, September 1, 2019, 4:20:19 PM",5.21,0.01,29.06,0.0001,14.29,5.34,23
"Sun, September 1, 2019, 5:00:08 PM",4.93,0.01,29.06,0.0001,14.3,5.92,23
"Sun, September 1, 2019, 6:00:08 PM",5.11,0.01,28.8,0.0001,12.6,5.36,23
"Sun, September 1, 2019, 7:00:08 PM",4.7,0.01,28.8,0,12.61,5.91,22
"Sun, September 1, 2019, 8:00:09 PM",5.11,0.01,28.8,0.0001,12.57,6.03,24
"Sun, September 1, 2019, 8:20:18 PM",5.14,0.01,28.35,0.0001,12.56,5.36,24
"Sun, September 1, 2019, 9:00:07 PM",5.12,0.01,28.62,0.0001,12.53,5.98,23
"Sun, September 1, 2019, 10:00:07 PM",5.09,0.01,28.35,0.0001,12.49,6.18,23
"Mon, September 2, 2019, 7:36:10 AM",4.52,0.01,27.56,0,12.91,7.65,22
"Mon, September 2, 2019, 8:00:07 AM",4.53,0.01,27.56,0,13,8.25,22
"Mon, September 2, 2019, 9:00:07 AM",4.11,0.01,27.91,0,13.8,8.87,23
"Mon, September 2, 2019, 10:00:08 AM",3.87,0.01,29.06,0,14.21,8.56,28
"Mon, September 2, 2019, 11:00:08 AM",3.45,0.01,30.03,0,14.14,7.94,23
"Mon, September 2, 2019, 11:36:06 AM",3.73,0.01,30.56,0,14.15,7.17,24
"Mon, September 2, 2019, 12:00:06 PM",3.75,0.01,30.65,0,14.15,7.17,26
"Mon, September 2, 2019, 1:00:06 PM",3.96,0.01,31.1,0,14.14,7.23,27
"Mon, September 2, 2019, 2:00:07 PM",5.2,0.01,31.36,0.0001,14.21,6.95,29
"Mon, September 2, 2019, 3:00:07 PM",5.51,0.01,31.8,0.0003,14.22,6.81,29
"Mon, September 2, 2019, 3:36:06 PM",5.66,0.01,33.93,0.0005,14.19,6.53,25
"Mon, September 2, 2019, 4:00:06 PM",5.7,0.01,33.4,0.0005,14.24,6.6,24
"Mon, September 2, 2019, 5:00:06 PM",6.31,0.01,31.27,0.0018,14.32,5.92,25
"Mon, September 2, 2019, 6:00:07 PM",6.78,0.01,30.65,0.005,13,4.77,22
"Mon, September 2, 2019, 7:00:07 PM",6.6,0.01,28,0.0028,12.59,4.89,26
"Tue, September 3, 2019, 7:52:08 AM",5.9,0.01,27.91,0.0006,12.97,5.98,25
"Tue, September 3, 2019, 9:00:06 AM",5.45,0.01,28.35,0.0002,14.24,7.24,23
"Tue, September 3, 2019, 10:00:06 AM",5.43,0.01,28.09,0.0002,14.2,7.02,29
"Tue, September 3, 2019, 11:00:06 AM",5.51,0.01,28.35,0.0002,14.24,6.79,23
"Tue, September 3, 2019, 3:52:06 PM",6.34,0.01,28.62,0.0016,14.3,5.76,24
"Tue, September 3, 2019, 5:00:07 PM",6.65,0.01,28.88,0.0033,14.22,5.3,23
"Tue, September 3, 2019, 6:00:07 PM",6.77,0,28.8,0.0043,12.59,4.33,23
"Tue, September 3, 2019, 7:00:07 PM",6.82,0.02,28.71,0.0048,12.59,4.4,25
"Tue, September 3, 2019, 7:51:59 PM",6.86,0.01,28.62,0.0053,12.54,4.27,23
"Wed, September 4, 2019, 7:46:11 AM",6.51,0.01,27.56,0.0022,13.19,5.16,29
"Wed, September 4, 2019, 8:00:08 AM",6.43,0.01,27.65,0.0018,13.36,5.46,24
"Wed, September 4, 2019, 9:00:09 AM",6.19,0.01,28.09,0.0011,14.16,6.26,15
"Wed, September 4, 2019, 10:00:06 AM",5.81,0.01,28.53,0.0005,14.16,6.57,23
"Wed, September 4, 2019, 11:00:06 AM",6.32,0.01,28.62,0.0015,14.16,5.8,21
"Thu, September 5, 2019, 3:35:28 PM",7.35,0.01,29.95,0.0176,14.18,3.73,22
"Thu, September 5, 2019, 4:00:08 PM",7.28,0.01,30.39,0.0155,14.23,3.75,21
"Thu, September 5, 2019, 5:00:08 PM",7.24,0.01,29.77,0.0135,14.39,3.47,22
"Thu, September 5, 2019, 6:00:08 PM",7.23,0.01,29.77,0.0132,12.56,2.77,24
"Fri, September 6, 2019, 7:23:22 AM",6.84,0.01,27.82,0.0048,13.28,3.34,23
"Fri, September 6, 2019, 8:00:07 AM",6.86,0.01,28,0.005,13.62,3.44,25
"Fri, September 6, 2019, 9:00:07 AM",6.84,0.01,28.44,0.005,14.18,3.44,21
"Fri, September 6, 2019, 10:00:08 AM",6.84,0.01,28.88,0.0051,14.34,3.34,20
"Fri, September 6, 2019, 11:00:08 AM",6.89,0.01,28.88,0.0057,14.16,3.28,20
"Fri, September 6, 2019, 11:23:21 AM",6.86,0.01,29.06,0.0054,14.17,3.14,23
"Fri, September 6, 2019, 12:00:06 PM",6.92,0.01,28.8,0.0061,14.25,3.18,23
"Fri, September 6, 2019, 1:00:06 PM",6.95,0,28.71,0.0065,14.43,3.03,24
"Fri, September 6, 2019, 2:00:07 PM",6.89,0.02,29.5,0.006,14.14,3.08,18
"Fri, September 6, 2019, 3:00:07 PM",6.86,0.01,29.77,0.0057,14.15,2.98,23
"Fri, September 6, 2019, 3:23:20 PM",6.88,0.01,29.59,0.0059,14.25,2.93,21
"Fri, September 6, 2019, 4:00:08 PM",6.94,0.01,29.33,0.0066,14.21,2.91,25
"Fri, September 6, 2019, 5:00:09 PM",6.92,0.01,28.97,0.0062,14.45,2.86,24
"Sat, September 7, 2019, 3:30:44 PM",7.13,0.01,30.03,0.0107,14.15,2.42,23
"Sat, September 7, 2019, 4:00:09 PM",7.1,0.01,30.12,0.0101,14.3,2.47,21
"Sat, September 7, 2019, 5:00:09 PM",7.09,0.05,30.21,0.0099,14.3,2.35,24
"Sun, September 8, 2019, 7:41:29 AM",6.96,0.01,28.53,0.0066,13.52,3.2,23
"Sun, September 8, 2019, 8:00:08 AM",6.98,0.01,28.71,0.007,14.24,3.31,24
"Sun, September 8, 2019, 9:00:08 AM",6.98,0.01,28.53,0.0069,14.24,3.05,25
"Sun, September 8, 2019, 10:00:08 AM",7.03,0.01,28.97,0.008,14.16,3.01,25
"Sun, September 8, 2019, 11:00:09 AM",7.1,0.01,29.24,0.0095,14.17,2.88,25
"Sun, September 8, 2019, 3:41:26 PM",7.23,0.01,30.12,0.0136,14.3,2.47,24
"Sun, September 8, 2019, 4:00:08 PM",7.32,0.02,30.12,0.0166,14.27,2.47,24
"Sun, September 8, 2019, 5:00:08 PM",7.21,0.01,30.39,0.0132,14.35,2.27,24
"Sun, September 8, 2019, 6:00:08 PM",7.26,0.01,29.86,0.0143,12.51,2.18,23
"Mon, September 9, 2019, 7:22:42 AM",6.94,0.01,29.15,0.0066,13.27,2.85,25
"Mon, September 9, 2019, 8:00:07 AM",7.07,0.01,29.06,0.0088,14.33,3.03,27
"Mon, September 9, 2019, 9:00:07 AM",7.25,0.86,28.97,0.0131,14.14,2.9,23
"Mon, September 9, 2019, 10:00:08 AM",7.23,0.93,29.33,0.0129,14.16,2.88,22
"Mon, September 9, 2019, 11:00:08 AM",7.27,0.13,29.77,0.0145,14.18,2.75,25
"Mon, September 9, 2019, 11:22:40 AM",7.31,0.39,30.12,0.0163,14.18,2.62,24
"Mon, September 9, 2019, 12:00:08 PM",7.39,1.17,30.03,0.0194,14.19,2.67,28
"Mon, September 9, 2019, 1:00:08 PM",7.44,2.26,30.48,0.0223,14.2,2.51,22
"Mon, September 9, 2019, 2:00:09 PM",7.35,0.5,30.92,0.0188,14.19,2.37,26
"Mon, September 9, 2019, 3:00:06 PM",7.41,1.32,30.83,0.0214,14.15,2.33,25
"Tue, September 10, 2019, 7:46:33 AM",7.07,0.01,29.59,0.0091,13.31,2.57,24
"Tue, September 10, 2019, 8:00:06 AM",7.08,0.01,29.41,0.0092,13.74,2.74,24
"Tue, September 10, 2019, 9:00:06 AM",7.19,0.63,29.5,0.0119,14.16,2.66,25
"Tue, September 10, 2019, 10:00:06 AM",7.18,0.97,29.59,0.0117,14.19,2.56,22
"Tue, September 10, 2019, 11:00:07 AM",7.23,1.52,30.74,0.0141,14.2,2.51,20
"Tue, September 10, 2019, 11:46:26 AM",7.26,2.33,30.48,0.0149,14.2,2.33,31
"Tue, September 10, 2019, 12:00:08 PM",7.28,3.36,30.21,0.0153,14.21,2.36,23
"Tue, September 10, 2019, 1:00:08 PM",7.33,3.15,30.83,0.0178,14.19,2.15,24
"Tue, September 10, 2019, 2:00:09 PM",7.23,1.04,31.36,0.0147,14.28,2.17,24
"Tue, September 10, 2019, 3:00:06 PM",7.28,1.29,31.72,0.0169,14.16,2.21,23
"Tue, September 10, 2019, 3:46:28 PM",7.27,2.33,31.36,0.0161,14.16,2.21,23
"Tue, September 10, 2019, 4:00:07 PM",7.36,2.09,31.63,0.0201,14.31,2.35,22
"Tue, September 10, 2019, 5:00:07 PM",7.26,0.38,31.54,0.016,14.15,2.38,22
"Tue, September 10, 2019, 6:00:08 PM",7.22,0.01,31.54,0.0146,12.47,2.46,24
"Wed, September 11, 2019, 8:32:36 AM",7.02,0.01,28.8,0.0077,13.18,3.04,23
"Wed, September 11, 2019, 9:00:07 AM",6.94,0.01,29.15,0.0066,14.14,3.17,24
"Wed, September 11, 2019, 10:00:08 AM",6.89,0.01,29.24,0.0059,14.16,2.94,26
"Wed, September 11, 2019, 11:00:08 AM",6.95,0,30.03,0.0071,14.14,2.63,22
"Wed, September 11, 2019, 12:00:08 PM",6.98,0.01,30.12,0.0077,14.19,2.61,23
"Wed, September 11, 2019, 12:32:35 PM",6.98,0.01,29.59,0.0074,14.17,2.44,24
"Wed, September 11, 2019, 1:00:06 PM",7.02,0.01,30.12,0.0084,14.16,2.49,23
"Wed, September 11, 2019, 2:00:07 PM",7.1,0.01,30.39,0.0103,14.18,2.39,24
"Wed, September 11, 2019, 3:00:07 PM",6.98,0.01,30.39,0.0078,14.36,2.63,24
"Wed, September 11, 2019, 4:00:07 PM",7.03,0.01,30.56,0.0089,14.25,2.67,23
"Wed, September 11, 2019, 4:32:33 PM",7.08,0.01,30.56,0.0099,14.17,2.68,20
"Wed, September 11, 2019, 5:00:07 PM",7.04,0.02,30.48,0.009,14.21,2.81,23
"Wed, September 11, 2019, 6:00:08 PM",7.01,0.01,30.39,0.0084,12.47,2.72,23
"Thu, September 12, 2019, 7:38:19 AM",6.93,0.01,28.44,0.0061,13.33,3.4,26
"Thu, September 12, 2019, 8:00:08 AM",6.93,0.01,28.53,0.0061,14.42,3.52,25
"Thu, September 12, 2019, 9:00:08 AM",7.01,0.01,28.62,0.0074,14.2,3.24,24
"Thu, September 12, 2019, 10:00:08 AM",7,0.01,28.97,0.0074,14.14,2.85,17
"Thu, September 12, 2019, 11:00:08 AM",7.09,0.01,29.41,0.0094,14.19,2.73,23
"Thu, September 12, 2019, 11:38:17 AM",7.19,0.01,29.86,0.0122,14.19,2.57,23
"Thu, September 12, 2019, 12:00:09 PM",7.21,0.01,29.86,0.0127,14.18,2.6,25
"Thu, September 12, 2019, 1:00:06 PM",7.26,0.01,29.59,0.014,14.16,2.44,23
"Thu, September 12, 2019, 2:00:06 PM",7.18,0.01,30.56,0.0125,14.19,2.31,25
"Thu, September 12, 2019, 3:00:06 PM",7.13,0.01,30.74,0.0113,14.32,2.27,22
"Thu, September 12, 2019, 3:38:14 PM",7.2,0.01,30.3,0.0128,14.35,2.22,25
"Thu, September 12, 2019, 4:00:09 PM",7.21,0.01,30.3,0.0131,14.27,2.21,26
"Thu, September 12, 2019, 5:00:06 PM",7.14,0.01,30.12,0.0111,14.19,2.45,23
"Thu, September 12, 2019, 6:00:06 PM",7.06,0.01,29.68,0.0089,12.47,2.63,24
"Fri, September 13, 2019, 11:02:11 AM",7.15,0.01,30.83,0.0119,14.18,2.45,23
"Fri, September 13, 2019, 12:00:06 PM",7.25,0.01,30.48,0.0145,14.19,2.38,21
"Fri, September 13, 2019, 1:00:06 PM",7.19,0.01,31.1,0.0132,14.37,2.23,21
"Fri, September 13, 2019, 2:00:07 PM",7.13,0.01,31.72,0.012,14.2,2.17,27
"Sat, September 14, 2019, 11:51:31 AM",7.06,3.95,30.65,0.0095,14.18,2.69,23
"Sat, September 14, 2019, 1:00:09 PM",7.17,5.96,30.12,0.0118,14.18,2.61,23
"Sat, September 14, 2019, 2:00:06 PM",7.21,3.68,30.92,0.0137,14.18,2.57,17
"Sat, September 14, 2019, 3:00:06 PM",7.02,4.59,31.63,0.0093,14.29,2.53,24
"Sun, September 15, 2019, 3:37:50 PM",6.98,0.5,30.21,0.0077,14.19,2.65,25
"Sun, September 15, 2019, 4:00:06 PM",6.97,0.54,30.03,0.0075,14.12,2.72,24
"Sun, September 15, 2019, 5:00:06 PM",6.97,0.01,29.33,0.0071,12.75,2.64,24
"Sun, September 15, 2019, 6:00:07 PM",6.87,0.01,29.24,0.0056,12.47,2.72,28
"Mon, September 16, 2019, 7:56:20 AM",6.86,0.01,28.09,0.0051,13.16,3.23,24
"Mon, September 16, 2019, 9:00:07 AM",7.07,0.01,28.71,0.0086,14.14,3.36,27
"Mon, September 16, 2019, 10:00:07 AM",7.11,0.01,29.06,0.0096,14.18,3.33,24
"Mon, September 16, 2019, 11:00:08 AM",7.27,0.01,30.12,0.0148,14.19,3.21,22
"Mon, September 16, 2019, 3:56:17 PM",7.3,0.01,29.77,0.0155,14.29,3.17,22
"Mon, September 16, 2019, 5:00:07 PM",7.19,0.08,29.41,0.0118,13.19,3.01,19
"Mon, September 16, 2019, 6:00:07 PM",7.34,0.07,28.8,0.0159,12.45,3.06,22
"Tue, September 17, 2019, 8:24:16 AM",6.74,0.01,26.41,0.0034,13.15,3.86,20
"Tue, September 17, 2019, 9:00:06 AM",6.63,0.01,26.14,0.0026,12.64,3.82,22
"Tue, September 17, 2019, 11:26:58 AM",6.54,0.02,26.41,0.0022,13.19,4.07,22
"Tue, September 17, 2019, 12:00:06 PM",6.64,0.01,26.94,0.0028,14.21,4.42,22
"Tue, September 17, 2019, 1:00:06 PM",6.55,0.01,28.09,0.0025,14.11,4.27,22
"Tue, September 17, 2019, 2:00:07 PM",6.63,0.01,28.18,0.003,14.19,4.22,24
"Tue, September 17, 2019, 3:00:07 PM",6.71,0.01,28.62,0.0037,14.21,4.22,29
"Wed, September 18, 2019, 11:29:52 AM",7.37,0.01,31.1,0.0199,14.28,5.86,24
"Wed, September 18, 2019, 12:00:09 PM",7.02,0.01,30.83,0.0088,14.45,5.87,23
"Wed, September 18, 2019, 1:00:06 PM",7.11,0.01,29.5,0.0099,14.13,5.13,24
"Wed, September 18, 2019, 2:00:06 PM",7.03,0.01,29.33,0.0081,14.34,5.23,23
"Wed, September 18, 2019, 3:00:06 PM",7.11,0.01,29.33,0.0098,14.12,5.1,24
"Thu, September 19, 2019, 11:35:01 AM",7.08,0.4,28.71,0.0088,14.14,6.96,26
"Thu, September 19, 2019, 12:00:09 PM",7.14,0.24,28.62,0.01,14.15,7.21,25
"Thu, September 19, 2019, 1:00:09 PM",7.14,0.41,28.53,0.0099,14.14,7.29,27
"Thu, September 19, 2019, 2:00:06 PM",7.02,0.01,28.8,0.0077,14.15,7.01,24
"Thu, September 19, 2019, 3:00:06 PM",6.9,1.45,28.88,0.0059,14.24,6.84,26
"Thu, September 19, 2019, 3:35:00 PM",6.93,3.76,28.8,0.0063,14.22,6.36,23
"Thu, September 19, 2019, 4:00:08 PM",6.93,4.79,28.8,0.0063,14.19,6.65,25
"Thu, September 19, 2019, 5:00:08 PM",6.7,0.4,28.8,0.0037,14.43,6.25,26
"Thu, September 19, 2019, 6:00:08 PM",6.73,0.8,28.71,0.0039,12.44,4.99,23
"Thu, September 26, 2019, 12:51:33 PM",9,5.39,28.62,0.422,13.38,6.67,13
"Thu, September 26, 2019, 1:33:22 PM",8.81,10.65,28.53,0.3191,13.5,6.41,11
"Thu, September 26, 2019, 1:55:38 PM",8.79,8.64,28.8,0.3131,13.51,6.02,12
"Thu, September 26, 2019, 2:58:35 PM",8.94,7.99,28.71,0.3902,13.58,6.26,15
"Thu, September 26, 2019, 5:45:34 PM",8.82,14.14,30.48,0.3541,12.41,5.05,19
"Thu, September 26, 2019, 6:00:08 PM",8.78,13.86,30.48,0.3333,12.42,4.84,19
"Fri, September 27, 2019, 7:41:06 AM",8.19,5.01,28.88,0.1033,13.26,6.2,22
"Fri, September 27, 2019, 8:00:06 AM",8.21,5.83,28.8,0.1071,13.63,6.42,19
"Fri, September 27, 2019, 9:00:07 AM",8.29,6.62,28.88,0.1266,14.15,6.79,19
"Fri, September 27, 2019, 10:00:07 AM",8.48,7.83,28.88,0.1834,14.16,7.27,21
"Fri, September 27, 2019, 11:00:07 AM",8.68,10.07,29.5,0.2708,14.18,8.04,22
"Sat, September 28, 2019, 11:21:17 AM",8.91,12.33,30.65,0.4055,14.19,7.84,22
"Sat, September 28, 2019, 12:00:08 PM",8.76,11.77,30.3,0.3205,14.19,7.84,21
"Sat, September 28, 2019, 1:00:08 PM",8.94,11.34,30.48,0.4195,14.19,7.79,22
"Sat, September 28, 2019, 2:00:08 PM",9.1,14.67,31.45,0.5273,14.18,7.32,22
"Sat, September 28, 2019, 3:00:08 PM",9.08,14.96,31.63,0.5189,14.21,6.68,19
"Sat, September 28, 2019, 3:21:15 PM",8.95,13.67,31.1,0.4354,14.15,6.36,23
"Sat, September 28, 2019, 4:00:09 PM",8.94,11,31.1,0.4298,14.21,5.83,23
"Sat, September 28, 2019, 5:00:06 PM",8.83,9.9,31.18,0.3704,14.4,5.1,23
"Sat, September 28, 2019, 6:00:06 PM",8.77,8,31.18,0.3388,12.41,4,27
"Sun, September 29, 2019, 7:09:11 AM",7.76,2.53,29.33,0.0423,13.18,4.74,23
"Sun, September 29, 2019, 8:00:07 AM",7.85,2.72,29.24,0.0512,14.18,5.42,21
"Sun, September 29, 2019, 9:00:07 AM",8.03,4.72,29.59,0.0772,14.15,5.52,20
"Sun, September 29, 2019, 10:00:07 AM",8.17,5.65,29.77,0.1047,14.19,7.02,22
"Sun, September 29, 2019, 11:09:09 AM",8.64,9.98,30.83,0.2705,14.18,7.1,22
"Sun, September 29, 2019, 12:00:08 PM",8.61,10.39,30.48,0.2526,14.21,6.54,21
"Sun, September 29, 2019, 1:00:08 PM",8.61,9.15,30.48,0.2526,14.18,6.56,22
"Sun, September 29, 2019, 2:00:08 PM",8.78,12.09,31.01,0.3413,14.19,6.11,22
"Sun, September 29, 2019, 3:09:07 PM",8.76,10.96,31.18,0.3336,14.15,6.1,23
"Sun, September 29, 2019, 4:00:06 PM",8.72,10.12,31.1,0.3123,14.21,5,22
"Sun, September 29, 2019, 5:00:06 PM",8.63,8.27,31.18,0.2707,14.32,4.56,21
"Sun, September 29, 2019, 6:00:06 PM",8.49,6.15,31.01,0.21,12.4,3.81,27
"Mon, September 30, 2019, 11:26:14 AM",8.43,9.9,30.39,0.1816,14.18,6.33,23
"Mon, September 30, 2019, 12:00:08 PM",8.48,10.27,30.56,0.2012,14.18,6.13,22
"Mon, September 30, 2019, 1:00:08 PM",8.56,9.06,30.74,0.2347,14.19,6.1,23
"Mon, September 30, 2019, 2:00:08 PM",8.72,11.58,31.18,0.3135,14.18,6.02,22
"Mon, September 30, 2019, 3:00:09 PM",8.78,16.1,31.45,0.3481,14.16,5.3,21
"Mon, September 30, 2019, 3:26:13 PM",8.69,12.86,31.1,0.2977,14.26,5.2,21
"Mon, September 30, 2019, 4:00:07 PM",8.73,9.8,31.01,0.316,14.24,4.88,29
"Mon, September 30, 2019, 5:00:07 PM",8.66,12.53,31.27,0.2858,14.16,4.44,21
"Mon, September 30, 2019, 6:00:07 PM",8.56,8.57,31.18,0.2401,12.41,3.59,23
"Tue, October 1, 2019, 9:02:11 AM",8.12,5.61,29.41,0.0923,14.2,5.22,20
"Tue, October 1, 2019, 10:00:06 AM",8.14,5.77,29.5,0.0967,14.18,5.76,21
"Tue, October 1, 2019, 11:00:06 AM",8.56,9.6,30.74,0.2347,14.19,6.17,30
"Tue, October 1, 2019, 12:00:07 PM",8.57,11.69,30.74,0.2388,14.19,6.09,25
"Tue, October 1, 2019, 1:02:12 PM",8.62,10.33,30.65,0.2592,14.2,6.34,25
"Tue, October 1, 2019, 2:00:07 PM",8.66,11.06,31.45,0.2883,14.19,6.03,22
"Tue, October 1, 2019, 3:00:07 PM",8.78,13.96,31.89,0.3549,14.22,5.4,22
"Tue, October 1, 2019, 4:00:08 PM",8.68,13.07,31.54,0.2991,14.16,4.83,21
"Tue, October 1, 2019, 5:02:09 PM",8.55,12.32,31.45,0.2392,14.42,4.16,23
"Tue, October 1, 2019, 6:00:07 PM",8.44,9.13,31.36,0.1952,12.4,3.51,29
"Wed, October 2, 2019, 7:35:16 AM",7.67,4.13,29.41,0.0348,13.14,4.15,23
"Wed, October 2, 2019, 8:00:08 AM",7.66,4.3,29.5,0.0342,13.33,4.21,26
"Wed, October 2, 2019, 9:00:08 AM",7.96,7,29.59,0.0665,14.2,4.79,25
"Wed, October 2, 2019, 10:00:09 AM",8.01,7.61,29.77,0.0748,14.2,6.09,31
"Wed, October 2, 2019, 11:00:06 AM",8.24,8.1,30.56,0.1266,14.21,7.27,26
"Wed, October 2, 2019, 11:35:16 AM",8.37,12.1,31.1,0.1686,14.21,6.61,23
"Wed, October 2, 2019, 12:00:08 PM",8.3,11.67,31.36,0.1495,14.2,6.51,23
"Wed, October 2, 2019, 1:00:08 PM",8.51,9.28,30.83,0.2156,14.2,6.07,17
"Wed, October 2, 2019, 2:00:09 PM",8.62,8.54,31.8,0.2744,14.2,5.61,24
"Wed, October 2, 2019, 3:00:06 PM",8.67,11.64,31.89,0.2992,14.15,5.03,29
"Wed, October 2, 2019, 3:35:13 PM",8.67,9.96,31.45,0.293,14.17,4.62,23
"Wed, October 2, 2019, 4:00:08 PM",8.66,11.07,31.63,0.2908,14.18,4.52,23
"Wed, October 2, 2019, 5:00:09 PM",8.46,9.83,31.8,0.2074,12.45,3.31,25
"Thu, October 3, 2019, 7:28:44 AM",7.57,0.02,29.77,0.0285,13.21,3.99,23
"Thu, October 3, 2019, 8:00:08 AM",7.61,0.01,29.68,0.031,14.38,4.44,23
"Thu, October 3, 2019, 9:00:08 AM",7.8,1.43,29.77,0.0475,14.18,4.57,24
"Thu, October 3, 2019, 10:00:08 AM",7.91,2.14,30.12,0.0617,14.19,5.63,26
"Thu, October 3, 2019, 11:00:09 AM",8.26,2.66,31.01,0.1353,14.19,5.87,21
"Thu, October 3, 2019, 11:28:41 AM",8.25,9.56,31.01,0.1327,14.2,5.87,23
"Thu, October 3, 2019, 12:00:08 PM",8.28,10.15,30.74,0.1386,14.2,5.89,23
"Thu, October 3, 2019, 1:00:08 PM",8.39,6.91,31.01,0.1743,14.2,5.7,21
"Thu, October 3, 2019, 2:00:08 PM",8.5,10.52,31.63,0.221,14.2,5.21,22
"Thu, October 3, 2019, 3:00:09 PM",8.47,10.22,31.98,0.2133,14.15,4.76,22
"Thu, October 3, 2019, 3:28:40 PM",8.55,13.17,32.07,0.2469,14.15,4.32,23
"Thu, October 3, 2019, 4:00:07 PM",8.5,10.12,31.8,0.223,14.43,4.2,7
"Fri, October 4, 2019, 7:24:42 AM",7.5,0.01,29.5,0.0239,13.31,3.85,25
"Fri, October 4, 2019, 8:00:08 AM",7.47,0.01,29.77,0.0228,14.23,4.17,17
"Fri, October 4, 2019, 9:00:08 AM",7.64,0.03,29.77,0.0333,14.14,4.55,16
"Fri, October 4, 2019, 10:00:08 AM",7.68,0.01,29.77,0.0364,14.2,6.23,19
"Fri, October 4, 2019, 11:00:08 AM",7.96,0.01,30.74,0.0715,14.21,6.04,16
"Fri, October 4, 2019, 11:24:41 AM",8.13,0.98,31.18,0.105,14.2,5.72,13
"Fri, October 4, 2019, 12:00:07 PM",8.12,6.11,31.1,0.1024,14.2,5.24,15
"Fri, October 4, 2019, 1:00:07 PM",8.19,1.32,30.92,0.1169,14.19,4.37,12
"Fri, October 4, 2019, 2:00:07 PM",8.28,2.79,31.63,0.146,14.18,4.08,16
"Fri, October 4, 2019, 3:24:40 PM",8.31,4.17,31.45,0.1532,14.14,3.72,18
"Fri, October 4, 2019, 4:00:09 PM",8.27,2.22,31.54,0.1424,14.16,3.74,13
"Fri, October 4, 2019, 5:00:06 PM",8.09,0.01,31.54,0.0988,14.37,3.52,14
"Sat, October 5, 2019, 7:14:39 AM",7.38,0.01,29.41,0.0182,13.34,3.76,14
"Sat, October 5, 2019, 8:00:07 AM",7.39,0.01,29.41,0.0186,14.24,3.98,16
"Sat, October 5, 2019, 9:00:08 AM",7.55,0.01,29.59,0.027,14.16,4.33,22
"Sat, October 5, 2019, 10:00:08 AM",7.47,0.01,29.68,0.0227,14.19,5.08,24
"Sat, October 5, 2019, 11:00:08 AM",7.8,2.36,30.65,0.0503,14.19,5.1,21
"Sat, October 5, 2019, 11:14:37 AM",7.88,0.01,30.92,0.0609,14.19,5.08,17
"Sat, October 5, 2019, 12:00:09 PM",7.82,7.29,30.74,0.0528,14.19,4.84,9
"Sat, October 5, 2019, 1:00:09 PM",7.8,4.56,30.65,0.0503,14.19,4.27,12
"Sat, October 5, 2019, 2:00:06 PM",7.84,8.05,31.36,0.0574,14.19,3.81,18
"Sat, October 5, 2019, 3:00:06 PM",8.01,7.58,31.72,0.0845,14.21,3.75,18
"Sat, October 5, 2019, 3:14:35 PM",7.88,7.78,31.54,0.0633,14.18,3.66,20
"Sat, October 5, 2019, 4:00:07 PM",7.9,2.92,31.36,0.0654,14.19,3.57,15
"Sat, October 5, 2019, 5:00:07 PM",7.74,1.11,31.27,0.0459,14.22,3.31,15
"Sat, October 5, 2019, 6:00:07 PM",7.62,10.3,31.36,0.0354,12.36,3.13,20
"Sun, October 6, 2019, 11:14:47 AM",7.58,13.12,30.92,0.0315,14.19,4.96,16
"Sun, October 6, 2019, 12:00:06 PM",7.81,11.76,30.39,0.0505,14.2,4.78,15
"Sun, October 6, 2019, 1:00:07 PM",7.69,11.6,30.74,0.0397,14.2,4.05,15
"Sun, October 6, 2019, 2:00:07 PM",7.83,14.85,31.63,0.0572,14.19,3.7,14
"Sun, October 6, 2019, 3:00:07 PM",7.93,13.12,31.72,0.0713,14.22,3.6,19
"Mon, October 7, 2019, 11:06:34 AM",7.32,6.92,31.18,0.0179,14.19,5,13
"Mon, October 7, 2019, 12:00:06 PM",7.27,10.65,30.39,0.0151,14.21,4.68,11
"Mon, October 7, 2019, 1:00:06 PM",7.35,10.74,30.83,0.0187,14.2,3.98,16
"Mon, October 7, 2019, 2:00:06 PM",7.34,11.2,31.72,0.0194,14.18,3.54,16
"Tue, October 8, 2019, 11:09:30 AM",7.3,1.08,30.3,0.0161,14.21,4.52,15
"Tue, October 8, 2019, 12:00:08 PM",7.17,7.21,31.18,0.0127,14.2,4.22,12
"Tue, October 8, 2019, 1:00:08 PM",7.29,3.05,30.48,0.0159,14.2,3.75,16
"Tue, October 8, 2019, 2:00:08 PM",7.26,3.76,31.27,0.0157,14.17,3.36,24
"Tue, October 8, 2019, 3:09:28 PM",7.26,5.71,31.45,0.0159,14.33,3.24,15
"Tue, October 8, 2019, 4:00:09 PM",7.33,5.17,31.18,0.0183,14.26,3.23,24
"Tue, October 8, 2019, 5:00:06 PM",7.44,1.36,31.1,0.0233,14.34,3.24,18
"Tue, October 8, 2019, 6:00:06 PM",7.31,0.6,31.27,0.0176,12.33,2.88,17
"Wed, October 9, 2019, 7:04:45 AM",7.23,0.01,29.5,0.013,13.21,3.2,16
"Wed, October 9, 2019, 8:00:07 AM",7.23,0.01,29.41,0.0129,14.3,3.62,25
"Wed, October 9, 2019, 9:00:07 AM",7.32,0.02,29.41,0.0159,14.18,3.82,24
"Wed, October 9, 2019, 10:00:08 AM",7.31,0.02,29.77,0.0159,14.19,4.01,24
"Wed, October 9, 2019, 11:04:44 AM",7.24,0.01,30.56,0.0143,14.19,3.86,18
"Wed, October 9, 2019, 12:00:06 PM",7.19,0.01,30.48,0.0127,14.18,3.79,24
"Wed, October 9, 2019, 1:00:06 PM",7.31,0.01,31.01,0.0173,14.19,3.34,21
"Wed, October 9, 2019, 2:00:07 PM",7.34,0.01,31.54,0.0191,14.18,3.15,22
"Wed, October 9, 2019, 3:04:42 PM",7.3,0.02,31.63,0.0176,14.16,3.02,20
"Wed, October 9, 2019, 4:00:07 PM",7.4,0.02,31.18,0.0214,14.25,3.04,19
"Wed, October 9, 2019, 5:00:07 PM",7.45,0.01,31.1,0.0238,14.37,2.98,15
"Thu, October 10, 2019, 7:08:45 AM",7.77,0.9,25,0.0323,13.19,3.26,18
"Thu, October 10, 2019, 8:00:08 AM",7.84,2.68,26.06,0.0406,14.36,3.51,25
"Thu, October 10, 2019, 9:00:09 AM",7.88,2.9,26.67,0.0461,14.16,3.56,19
"Thu, October 10, 2019, 10:00:06 AM",7.9,5.81,26.59,0.048,14.15,3.47,20
"Thu, October 10, 2019, 11:08:43 AM",7.92,6.67,27.73,0.054,14.18,3.97,21
"Thu, October 10, 2019, 12:00:06 PM",7.96,7.03,28.88,0.0635,14.19,3.93,24
"Thu, October 10, 2019, 1:00:07 PM",7.86,7.14,28.35,0.0494,14.18,3.44,22
"Thu, October 10, 2019, 2:00:07 PM",7.74,7.38,28.44,0.0381,14.2,3.32,22
"Thu, October 10, 2019, 3:08:40 PM",7.5,7.31,28.88,0.023,14.21,3.11,20
"Thu, October 10, 2019, 4:00:06 PM",7.31,7.23,28.18,0.0143,14.23,3.07,19
"Thu, October 10, 2019, 5:00:07 PM",6.64,7.66,27.65,0.003,14.24,2.87,20
"Fri, October 11, 2019, 7:01:11 AM",6.22,7.39,26.59,0.0011,13.31,3.22,20
"Fri, October 11, 2019, 8:00:07 AM",6.12,7.33,28.53,0.001,14.15,3.5,21
"Fri, October 11, 2019, 9:00:08 AM",5.53,7.53,31.1,0.0003,14.18,3.59,22
"Fri, October 11, 2019, 10:00:08 AM",5.04,8.27,34.9,0.0001,14.21,4.2,24
"Fri, October 11, 2019, 11:01:08 AM",4.92,8.25,35.79,0.0001,14.19,4.2,21
"Fri, October 11, 2019, 12:00:07 PM",4.97,8.22,35.88,0.0001,14.19,3.84,21
"Fri, October 11, 2019, 1:00:08 PM",4.9,8.2,35.97,0.0001,14.19,3.43,24
"Fri, October 11, 2019, 2:00:08 PM",4.97,8.19,36.14,0.0001,14.19,3.09,17
"Sat, October 12, 2019, 7:01:36 AM",5.64,7.56,27.03,0.0003,13.52,3.34,17
"Sat, October 12, 2019, 8:00:08 AM",5.58,7.89,29.68,0.0003,14.32,3.59,19
"Sat, October 12, 2019, 9:00:08 AM",5.13,7.99,32.69,0.0001,14.18,3.44,22
"Sat, October 12, 2019, 10:00:08 AM",4.67,8.18,35.97,0.0001,14.2,4.3,24
"Sat, October 12, 2019, 11:01:32 AM",4.4,8.21,36.32,0,14.19,4.08,18
"Sat, October 12, 2019, 12:00:07 PM",4.42,8.04,36.76,0,14.19,3.79,24
"Sat, October 12, 2019, 1:00:07 PM",4.68,8.14,36.59,0.0001,14.19,3.29,15
"Sat, October 12, 2019, 2:00:07 PM",4.6,8.81,35.7,0,14.2,2.91,20
"Sat, October 12, 2019, 3:01:31 PM",4.64,8.33,35.97,0.0001,14.19,2.88,17
"Sat, October 12, 2019, 4:00:06 PM",4.75,8.41,36.41,0.0001,14.16,2.85,22
"Sat, October 12, 2019, 5:00:06 PM",4.84,8.38,33.75,0.0001,14.36,2.51,21
"Sun, October 13, 2019, 7:25:43 AM",5.63,8,28.88,0.0003,13.21,3.13,19
"Sun, October 13, 2019, 8:00:07 AM",5.56,8.18,31.18,0.0003,14.37,3.52,19
"Sun, October 13, 2019, 9:00:08 AM",5.19,8.4,34.11,0.0002,14.21,3.78,20
"Sun, October 13, 2019, 10:00:08 AM",4.62,8.41,36.5,0.0001,14.21,4.48,25
"Sun, October 13, 2019, 11:00:08 AM",4.49,8.35,36.85,0,14.2,4.35,26
"Sun, October 13, 2019, 11:25:40 AM",4.61,8.32,36.76,0.0001,14.19,4.06,18
"Sun, October 13, 2019, 12:00:07 PM",4.49,8.36,36.41,0,14.18,3.59,18
"Sun, October 13, 2019, 1:00:08 PM",4.61,8.48,36.68,0.0001,14.19,3.19,20
"Sun, October 13, 2019, 2:00:08 PM",4.48,8.49,37.65,0,14.22,2.92,21
"Sun, October 13, 2019, 3:00:08 PM",4.54,8.46,37.03,0,14.21,2.82,20
"Sun, October 13, 2019, 3:25:36 PM",4.69,8.49,36.76,0.0001,14.17,2.67,16
"Sun, October 13, 2019, 4:00:07 PM",4.76,8.46,36.59,0.0001,14.42,2.72,22
"Sun, October 13, 2019, 5:00:07 PM",4.82,8.41,33.75,0.0001,14.4,2.38,20
"Mon, October 14, 2019, 7:22:32 AM",5.63,8.19,29.33,0.0003,13.35,2.95,19
"Mon, October 14, 2019, 8:00:06 AM",5.64,8.28,29.95,0.0003,14.13,3.15,23
"Mon, October 14, 2019, 9:00:06 AM",5.19,8.53,34.28,0.0002,14.2,3.52,18
"Mon, October 14, 2019, 10:00:07 AM",4.96,8.56,36.68,0.0001,14.19,3.56,18
"Mon, October 14, 2019, 11:00:07 AM",4.63,8.55,37.3,0.0001,14.2,4.32,21
"Mon, October 14, 2019, 11:22:29 AM",4.68,8.56,37.39,0.0001,14.2,4.1,19
"Mon, October 14, 2019, 12:00:06 PM",4.61,8.55,37.3,0.0001,14.19,3.58,18
"Mon, October 14, 2019, 1:00:06 PM",4.67,8.54,36.68,0.0001,14.19,3.17,18
"Mon, October 14, 2019, 2:00:07 PM",4.56,8.53,37.12,0,14.2,2.89,19
"Mon, October 14, 2019, 3:00:07 PM",4.53,8.5,36.5,0,14.21,2.91,20
"Mon, October 14, 2019, 3:22:29 PM",4.55,8.5,36.23,0,14.18,2.75,20
"Mon, October 14, 2019, 4:00:06 PM",4.63,8.46,35.26,0,14.14,2.78,23
"Tue, October 15, 2019, 8:24:50 AM",6.59,8.05,27.03,0.0025,14.38,4.64,18
"Tue, October 15, 2019, 9:00:06 AM",6.61,8.34,30.56,0.0034,14.19,4.76,19
"Tue, October 15, 2019, 10:00:07 AM",6.73,8.22,30.21,0.0044,14.25,4.82,17
"Tue, October 15, 2019, 11:00:07 AM",6.95,8.2,29.5,0.0069,14.4,6.09,18
"Tue, October 15, 2019, 12:00:07 PM",6.18,8.25,30.39,0.0012,14.44,7.11,19
"Tue, October 15, 2019, 12:24:48 PM",5.74,8.22,30.65,0.0005,14.17,5.76,15
"Tue, October 15, 2019, 1:00:08 PM",5.68,8.33,32.25,0.0004,14.2,6.78,22
"Tue, October 15, 2019, 2:00:08 PM",5.62,8.32,32.51,0.0004,14.15,6.39,23
"Tue, October 15, 2019, 3:00:08 PM",5.34,8.36,33.84,0.0002,14.19,6.76,23
"Thu, October 31, 2019, 7:42:22 AM",6.57,1.86,"-",0.0003,13.67,28.7,13
"Thu, October 31, 2019, 8:00:06 AM",6.53,2.41,"-",0.0003,14.25,27.26,12
"Thu, October 31, 2019, 9:00:06 AM",6.56,5.24,"-",0.0003,14.26,26.5,10
"Thu, October 31, 2019, 10:00:06 AM",6.39,6.6,"-",0.0002,14.22,32.34,24
"Thu, October 31, 2019, 11:00:07 AM",6.13,8.83,"-",0.0001,14.23,33.67,24
"Thu, October 31, 2019, 3:42:20 PM",4.38,8.94,"-",0,14.24,21.25,19
"Thu, October 31, 2019, 4:00:07 PM",4.34,8.86,"-",0,14.3,21.09,19
"Fri, November 1, 2019, 7:10:18 AM",6.23,9.51,"-",0.0001,14.39,25.91,21
"Fri, November 1, 2019, 8:00:07 AM",6.23,9.52,"-",0.0001,14.21,33.64,24
"Fri, November 1, 2019, 9:00:07 AM",6,9.24,"-",0.0001,14.2,33.54,24
"Fri, November 1, 2019, 10:00:07 AM",5.15,9.29,"-",0,14.29,33.3,19
"Fri, November 1, 2019, 3:10:13 PM",4.1,9.19,"-",0,14.22,19.32,18
"Fri, November 1, 2019, 4:00:08 PM",5.97,9.12,"-",0.0001,14.28,17.58,17
"Sat, November 2, 2019, 11:22:47 AM",4.65,0.98,"-",0,14.3,28.25,18
"Sat, November 2, 2019, 12:00:06 PM",4.31,1.02,"-",0,14.3,28.13,16
"Sat, November 2, 2019, 1:00:06 PM",4.23,1.18,"-",0,14.09,24.55,18
"Sat, November 2, 2019, 2:00:06 PM",3.92,1,"-",0,14.11,19.66,16
"Sat, November 2, 2019, 3:00:07 PM",3.83,0.96,"-",0,14.17,17.4,17
"Sat, November 2, 2019, 3:22:45 PM",3.66,0.95,"-",0,14.21,16.47,18
"Sat, November 2, 2019, 4:00:07 PM",3.77,0.95,"-",0,14.21,16.32,18
"Sun, November 3, 2019, 7:15:51 AM",6.29,8.48,"-",0.0002,13.68,17.77,19
"Sun, November 3, 2019, 8:00:06 AM",6.3,8.87,"-",0.0002,14.13,21.62,23
"Sun, November 3, 2019, 9:00:06 AM",6.11,9.11,"-",0.0001,14.14,21.99,22
"Sun, November 3, 2019, 10:00:07 AM",5.25,9.36,"-",0,14.1,25.27,18
"Sun, November 3, 2019, 11:00:07 AM",4.61,9.31,"-",0,14.08,22.26,16
"Sun, November 3, 2019, 3:15:47 PM",4.1,9.2,"-",0,14.2,14.78,22
"Sun, November 3, 2019, 4:00:08 PM",4.42,9.17,"-",0,14.25,13.91,19
"Mon, November 4, 2019, 11:21:05 AM",5.97,10.51,"-",0.0001,14.07,25.31,17
"Mon, November 4, 2019, 12:00:08 PM",5.85,10.46,"-",0.0001,14.06,21.39,17
"Mon, November 4, 2019, 1:00:08 PM",5.86,10.38,"-",0.0001,14.07,17.52,17
"Mon, November 4, 2019, 2:00:08 PM",5.84,10.37,"-",0.0001,14.11,16.23,16
"Mon, November 4, 2019, 3:00:09 PM",5.79,10.36,"-",0.0001,14.19,15.6,18
"Mon, November 4, 2019, 3:21:02 PM",5.82,10.31,"-",0.0001,14.21,15.13,18
"Mon, November 4, 2019, 4:00:08 PM",6.08,10.24,"-",0.0001,14.27,14.51,18
"Tue, November 5, 2019, 7:16:10 AM",6.96,9.42,"-",0.0008,13.58,15.59,19
"Tue, November 5, 2019, 8:00:07 AM",6.97,10.23,"-",0.0008,14.27,19.76,24
"Tue, November 5, 2019, 9:00:07 AM",6.78,10.42,"-",0.0005,14.16,21.52,19
"Tue, November 5, 2019, 10:00:07 AM",6.39,10.48,"-",0.0002,14.1,22.77,20
"Tue, November 5, 2019, 11:00:07 AM",6.03,10.46,"-",0.0001,14.04,20.12,19
"Tue, November 5, 2019, 11:16:08 AM",5.98,10.46,"-",0.0001,14.04,20.1,18
"Tue, November 5, 2019, 12:00:08 PM",5.88,10.48,"-",0.0001,14.04,19.21,19
"Tue, November 5, 2019, 1:00:08 PM",5.83,10.46,"-",0.0001,14.06,17.07,18
"Tue, November 5, 2019, 2:00:08 PM",5.76,10.43,"-",0,14.1,15.79,19
"Tue, November 5, 2019, 3:00:09 PM",5.75,10.39,"-",0,14.19,14.81,22
"Tue, November 5, 2019, 3:16:07 PM",5.75,10.36,"-",0,14.2,14.36,20
"Tue, November 5, 2019, 4:00:07 PM",5.88,10.27,"-",0.0001,14.26,13.64,21
"Wed, November 6, 2019, 7:27:52 AM",6.92,9.46,"-",0.0007,13.9,16.43,19
"Wed, November 6, 2019, 8:00:08 AM",6.92,9.56,"-",0.0007,14.38,16.29,18
"Wed, November 6, 2019, 9:00:08 AM",6.77,10.46,"-",0.0005,14.17,21.79,24
"Wed, November 6, 2019, 10:00:08 AM",6.41,10.5,"-",0.0002,14.12,23.86,19
"Wed, November 6, 2019, 11:00:09 AM",6.03,10.44,"-",0.0001,14.22,23.26,19
"Wed, November 6, 2019, 11:27:50 AM",5.82,10.58,"-",0.0001,14.11,23.55,18
"Wed, November 6, 2019, 12:00:06 PM",5.8,10.58,"-",0.0001,14.06,21.33,20
"Wed, November 6, 2019, 1:00:06 PM",5.68,10.55,"-",0,14.08,20.46,20
"Wed, November 6, 2019, 3:00:07 PM",5.78,10.37,"-",0,14.2,15.47,21
"Thu, November 7, 2019, 3:25:10 PM",5.84,10.37,"-",0.0001,14.22,15.95,11
"Thu, November 7, 2019, 4:00:08 PM",5.89,10.31,"-",0.0001,14.33,14.93,13
"Fri, November 8, 2019, 11:18:48 AM",5.83,10.69,"-",0.0001,14.08,23.74,19
"Fri, November 8, 2019, 12:00:09 PM",5.67,10.68,"-",0,14.07,22.33,21
"Fri, November 8, 2019, 1:00:06 PM",5.58,10.65,"-",0,14.06,19.62,21
"Fri, November 8, 2019, 2:00:06 PM",5.57,10.66,"-",0,14.11,17.59,19
"Fri, November 8, 2019, 3:00:06 PM",5.88,10.5,"-",0.0001,14.21,15.25,21
"Sat, November 9, 2019, 11:21:50 AM",5.96,10.78,"-",0.0001,14.04,20.89,20
"Sat, November 9, 2019, 12:00:07 PM",5.76,10.73,"-",0,14.04,19.82,22
"Sat, November 9, 2019, 1:00:07 PM",5.7,10.66,"-",0,14.05,19.83,21
"Sat, November 9, 2019, 2:00:08 PM",5.68,10.62,"-",0,14.11,16.47,19
"Sat, November 9, 2019, 3:00:08 PM",5.71,10.56,"-",0,14.2,14.25,20
"Sat, November 9, 2019, 3:21:49 PM",5.73,10.59,"-",0,14.21,13.5,19
"Sat, November 9, 2019, 4:00:06 PM",6.05,10.51,"-",0.0001,14.26,13.01,20
"Sun, November 10, 2019, 7:24:36 AM",6.89,9.5,"-",0.0006,13.96,14.66,20
"Sun, November 10, 2019, 8:00:08 AM",6.85,10.28,"-",0.0006,14.21,15.67,20
"Sun, November 10, 2019, 9:00:08 AM",6.47,10.76,"-",0.0002,14.1,18.99,24
"Sun, November 10, 2019, 10:00:08 AM",6.11,10.71,"-",0.0001,14.02,18.65,19
"Sun, November 10, 2019, 11:00:09 AM",6.03,10.78,"-",0.0001,13.99,18.69,21
"Sun, November 10, 2019, 11:24:35 AM",5.96,10.78,"-",0.0001,13.98,18.12,19
"Sun, November 10, 2019, 12:00:07 PM",5.84,10.77,"-",0.0001,13.97,17.05,20
"Sun, November 10, 2019, 1:00:07 PM",5.89,10.7,"-",0.0001,13.98,15.78,19
"Sun, November 10, 2019, 2:00:07 PM",5.94,10.66,"-",0.0001,14.04,13.62,20
"Sun, November 10, 2019, 3:00:08 PM",5.91,10.65,"-",0.0001,14.16,14.08,20
"Sun, November 10, 2019, 3:24:34 PM",5.93,10.65,"-",0.0001,14.2,13.72,20
"Sun, November 10, 2019, 4:00:06 PM",6.02,10.57,"-",0.0001,14.25,13.26,21
"Tue, November 12, 2019, 7:21:37 AM",6.84,9.73,"-",0.0006,13.39,13.73,18
"Tue, November 12, 2019, 8:00:06 AM",6.81,10.57,"-",0.0005,14.18,18.23,18
"Tue, November 12, 2019, 9:00:06 AM",6.62,10.75,"-",0.0003,14.08,18.17,18
"Tue, November 12, 2019, 10:00:07 AM",6.41,10.63,"-",0.0002,14,15.44,22
"Tue, November 12, 2019, 11:00:07 AM",6.07,10.84,"-",0.0001,14.28,16.29,21
"Tue, November 12, 2019, 11:21:36 AM",6.04,10.86,"-",0.0001,13.91,17.05,24
"Tue, November 12, 2019, 12:00:08 PM",5.85,10.56,"-",0.0001,14.27,17.17,23
"Tue, November 12, 2019, 1:00:09 PM",6,10.63,"-",0.0001,14.01,15.71,21
"Tue, November 12, 2019, 2:00:06 PM",5.89,10.76,"-",0.0001,14.02,14.87,22
"Tue, November 12, 2019, 3:00:06 PM",5.91,10.62,"-",0.0001,14.13,13.84,20
"Wed, November 13, 2019, 3:15:00 PM",5.93,10.9,"-",0.0001,14.18,13.46,22
"Wed, November 13, 2019, 4:00:07 PM",6.01,10.9,"-",0.0001,14.25,12.19,22
"Fri, November 15, 2019, 8:25:29 AM",7.1,8.09,"-",0.001,13.86,17.54,24
"Fri, November 15, 2019, 9:00:09 AM",7.12,8.52,"-",0.0011,14.12,18.4,24
"Sat, November 16, 2019, 11:13:51 AM",6.52,10.7,"-",0.0003,13.93,21.76,24
"Sat, November 16, 2019, 12:00:08 PM",6.36,10.71,"-",0.0002,13.92,21.26,25
"Sat, November 16, 2019, 1:00:09 PM",6.28,10.7,"-",0.0002,13.92,19.1,25
"Sat, November 16, 2019, 2:00:06 PM",6.22,10.72,"-",0.0001,14.02,17.92,26
"Sat, November 16, 2019, 3:00:06 PM",6.24,10.76,"-",0.0001,14.11,14.56,25
"Sun, November 17, 2019, 7:21:26 AM",7.09,10.3,"-",0.001,14.17,15.43,22
"Sun, November 17, 2019, 8:00:07 AM",7.09,10.52,"-",0.001,14.19,17.13,26
"Sun, November 17, 2019, 9:00:08 AM",6.83,10.51,"-",0.0006,14.01,18.02,21
"Sun, November 17, 2019, 10:00:08 AM",6.62,10.54,"-",0.0003,14.1,19.05,25
"Sun, November 17, 2019, 11:00:08 AM",6.66,10.46,"-",0.0004,14.25,13.55,23
"Sun, November 17, 2019, 11:31:48 AM",6.71,10.41,"-",0.0004,14.24,12.3,23
"Sun, November 17, 2019, 12:00:08 PM",6.72,10.44,"-",0.0004,14.12,13.26,24
"Sun, November 17, 2019, 1:00:09 PM",6.65,10.43,"-",0.0004,14.19,13.02,24
"Sun, November 17, 2019, 2:00:09 PM",6.58,10.39,"-",0.0003,14.26,13.44,25
"Sun, November 17, 2019, 3:00:06 PM",6.53,10.48,"-",0.0003,14.03,13.95,22
"Sun, November 17, 2019, 3:31:46 PM",6.51,10.41,"-",0.0003,14.21,13.07,22
"Sun, November 17, 2019, 4:10:37 PM",6.55,10.52,"-",0.0003,14.24,13.21,23
"Mon, November 18, 2019, 11:13:57 AM",6.28,10.8,"-",0.0002,13.91,26.97,23
"Mon, November 18, 2019, 12:00:08 PM",6.38,10.71,"-",0.0002,14.07,17.79,24
"Mon, November 18, 2019, 1:00:09 PM",6.28,10.73,"-",0.0002,14,19.42,24
"Mon, November 18, 2019, 2:00:06 PM",6.33,10.7,"-",0.0002,14.29,15.71,22
"Mon, November 18, 2019, 3:00:06 PM",6.42,10.7,"-",0.0002,14.19,13.22,25
"Mon, November 18, 2019, 3:13:54 PM",6.43,10.58,"-",0.0002,14.27,13.29,23